# trajectory
# file: 'dataset-seq2.bag'
# topic: '/spline/trajectory'
# timestamp tx ty tz qx qy qz qw
0.000000000 0.0002354618 -0.0006063047 -0.0004745604 0.1309072729 -0.6636470192 0.1213742866 0.7264325175
0.020000000 0.0002891519 -0.0008284365 -0.0007934987 0.1373650581 -0.6632154934 0.1269318433 0.7246822458
0.040000000 0.0003372524 -0.0010288860 -0.0012568027 0.1449965509 -0.6626436010 0.1330863711 0.7226115666
0.060000000 0.0004074721 -0.0012008188 -0.0019169039 0.1505394815 -0.6619549745 0.1371843115 0.7213417643
0.080000000 0.0005134283 -0.0013481662 -0.0027827963 0.1529525683 -0.6612384684 0.1385397627 0.7212322330
0.100000000 0.0006546469 -0.0014856252 -0.0038200361 0.1533946488 -0.6605609938 0.1384180006 0.7217823164
0.120000000 0.0008314494 -0.0016305778 -0.0049982207 0.1529692470 -0.6599470909 0.1379650805 0.7225205072
0.140000000 0.0010497896 -0.0018092736 -0.0063106669 0.1522007996 -0.6593411454 0.1375162458 0.7233211270
0.160000000 0.0013166451 -0.0020494426 -0.0077559164 0.1514607895 -0.6586718070 0.1372039307 0.7241451245
0.180000000 0.0016301550 -0.0023618769 -0.0093162996 0.1509167554 -0.6579375887 0.1371636947 0.7249333647
0.200000000 0.0019796197 -0.0027404309 -0.0109579361 0.1505326476 -0.6572063846 0.1375336561 0.7256060801
0.220000000 0.0023682544 -0.0031924762 -0.0126467872 0.1502263851 -0.6565481249 0.1383680504 0.7261066557
0.240000000 0.0028564695 -0.0037823991 -0.0143510021 0.1497661739 -0.6560301200 0.1393862571 0.7264750830
0.260000000 0.0035166571 -0.0045865780 -0.0160410413 0.1488953223 -0.6557142973 0.1402317111 0.7267764515
0.280000000 0.0043679204 -0.0056293725 -0.0177279469 0.1476401591 -0.6555394915 0.1407193736 0.7270958784
0.300000000 0.0053760730 -0.0068831236 -0.0194633431 0.1463095430 -0.6553219369 0.1408354391 0.7275383535
0.320000000 0.0065062143 -0.0083164525 -0.0212943429 0.1451589731 -0.6549290230 0.1406152253 0.7281649578
0.340000000 0.0077298541 -0.0098921492 -0.0232429573 0.1441811569 -0.6544506272 0.1402601375 0.7288575062
0.360000000 0.0090203284 -0.0115731386 -0.0253243887 0.1433126943 -0.6540254653 0.1400079020 0.7294586690
0.380000000 0.0103561122 -0.0133589882 -0.0275415856 0.1427093389 -0.6536321152 0.1399778907 0.7299351291
0.400000000 0.0117208191 -0.0152859082 -0.0298852414 0.1427461065 -0.6530883441 0.1401709494 0.7303774838
0.420000000 0.0131138005 -0.0174013259 -0.0323401081 0.1435962365 -0.6522970170 0.1405692941 0.7308412933
0.440000000 0.0145964634 -0.0197911656 -0.0348693018 0.1445883702 -0.6515336654 0.1411023987 0.7312237681
0.460000000 0.0162440772 -0.0225490413 -0.0374320045 0.1448591854 -0.6511535612 0.1416737083 0.7313982612
0.480000000 0.0180939186 -0.0257240714 -0.0400213256 0.1439692769 -0.6511422085 0.1418803431 0.7315440109
0.500000000 0.0201452723 -0.0293208791 -0.0426643016 0.1419024245 -0.6511134225 0.1410118563 0.7321411540
0.520000000 0.0223896968 -0.0333392367 -0.0453806081 0.1388109465 -0.6507643196 0.1386023807 0.7335030344
0.540000000 0.0247944539 -0.0377672520 -0.0481545776 0.1354509134 -0.6502096721 0.1352241500 0.7352515635
0.560000000 0.0273222458 -0.0425901787 -0.0509628142 0.1326988506 -0.6496773511 0.1316925827 0.7368632289
0.580000000 0.0299706126 -0.0477946992 -0.0538073911 0.1306812686 -0.6492666177 0.1284048476 0.7381649276
0.600000000 0.0327719313 -0.0533689248 -0.0567158508 0.1287718189 -0.6489322664 0.1253383533 0.7393206540
0.620000000 0.0357422392 -0.0592875824 -0.0597101724 0.1264747537 -0.6486147638 0.1224482800 0.7404791986
0.640000000 0.0388261535 -0.0654716129 -0.0627856510 0.1239530745 -0.6482344115 0.1196774593 0.7416906962
0.660000000 0.0419525820 -0.0718317439 -0.0659305153 0.1215282574 -0.6477134867 0.1169697376 0.7429779285
0.680000000 0.0450997702 -0.0783530601 -0.0691238929 0.1193615245 -0.6471115160 0.1143639042 0.7442582950
0.700000000 0.0482953019 -0.0850950033 -0.0723358101 0.1174532579 -0.6466263399 0.1119937799 0.7453432109
0.720000000 0.0515567088 -0.0921064407 -0.0755452345 0.1157260112 -0.6463956855 0.1099261730 0.7461208646
0.740000000 0.0548527343 -0.0993810089 -0.0787684815 0.1138175545 -0.6462853155 0.1079435051 0.7467992066
0.760000000 0.0581405004 -0.1068993977 -0.0820297478 0.1113036121 -0.6460981452 0.1057593110 0.7476520988
0.780000000 0.0613903729 -0.1146620945 -0.0853197523 0.1079836397 -0.6458489886 0.1031514042 0.7487178409
0.800000000 0.0645859609 -0.1226893838 -0.0885957355 0.1038804569 -0.6457667610 0.0999632656 0.7498009647
0.820000000 0.0677093349 -0.1309953869 -0.0918268654 0.0991477840 -0.6460080828 0.0961586557 0.7507308351
0.840000000 0.0707341071 -0.1395661285 -0.0950358404 0.0944265548 -0.6464157475 0.0921705638 0.7514884525
0.860000000 0.0736329702 -0.1483801223 -0.0982586019 0.0904547299 -0.6467706597 0.0885322381 0.7521088341
0.880000000 0.0764061001 -0.1574046820 -0.1015278763 0.0873687609 -0.6469404834 0.0853332019 0.7526971205
0.900000000 0.0790811561 -0.1665959218 -0.1048731744 0.0847035546 -0.6468658397 0.0822151524 0.7534126107
0.920000000 0.0816790550 -0.1759160746 -0.1083128535 0.0820693319 -0.6465145635 0.0789233941 0.7543571050
0.940000000 0.0841889635 -0.1853537969 -0.1118212144 0.0794845061 -0.6459738205 0.0757007393 0.7554266573
0.960000000 0.0865932060 -0.1949051675 -0.1153625135 0.0770617030 -0.6453594733 0.0729012907 0.7564773929
0.980000000 0.0888992985 -0.2045850419 -0.1189233022 0.0747091917 -0.6446777474 0.0705730876 0.7575147378
1.000000000 0.0911399488 -0.2144270522 -0.1225124269 0.0721300515 -0.6438193247 0.0684579761 0.7586879716
1.020000000 0.0933401010 -0.2244599643 -0.1261325440 0.0690360798 -0.6426829495 0.0663253057 0.7601273577
1.040000000 0.0954892649 -0.2346898134 -0.1297576709 0.0652097469 -0.6412345114 0.0641098812 0.7618765737
1.060000000 0.0975677604 -0.2451144118 -0.1333528354 0.0604708988 -0.6394602960 0.0617866104 0.7639477829
1.080000000 0.0995482921 -0.2556731466 -0.1368409647 0.0550842121 -0.6375086840 0.0593015827 0.7661799591
1.100000000 0.1013959494 -0.2662469799 -0.1401028860 0.0497579190 -0.6357023234 0.0565741111 0.7682487068
1.120000000 0.1030844585 -0.2767279009 -0.1430438534 0.0450834332 -0.6342860501 0.0535738505 0.7699211214
1.140000000 0.1046234182 -0.2870621694 -0.1456741494 0.0411054037 -0.6331229409 0.0504693958 0.7713096185
1.160000000 0.1060319220 -0.2972112877 -0.1480289285 0.0377207040 -0.6319855983 0.0474753707 0.7726043238
1.180000000 0.1073411759 -0.3071752898 -0.1501114794 0.0345869215 -0.6307890443 0.0447347731 0.7738912886
1.200000000 0.1085944989 -0.3169927413 -0.1518932254 0.0311243196 -0.6295853647 0.0423191136 0.7751532996
1.220000000 0.1098325464 -0.3266959257 -0.1533397499 0.0268944305 -0.6284383649 0.0402779445 0.7763501777
1.240000000 0.1110832133 -0.3362852971 -0.1543988193 0.0220638518 -0.6274508338 0.0385884989 0.7773863682
1.260000000 0.1123718274 -0.3457547091 -0.1550140268 0.0169437448 -0.6267328830 0.0372067588 0.7781609474
1.280000000 0.1137380395 -0.3551292176 -0.1551354399 0.0116897490 -0.6263062388 0.0359669753 0.7786592462
1.300000000 0.1152358234 -0.3644650809 -0.1547195998 0.0063012887 -0.6261039968 0.0345810579 0.7789468720
1.320000000 0.1168998505 -0.3737939992 -0.1537282124 0.0008086527 -0.6260564373 0.0328192557 0.7790863751
1.340000000 0.1186850930 -0.3830440141 -0.1521425156 -0.0046062294 -0.6261057337 0.0307004648 0.7791199358
1.360000000 0.1205277557 -0.3921192386 -0.1499484113 -0.0097296221 -0.6262062521 0.0283064278 0.7790826724
1.380000000 0.1223906750 -0.4009694696 -0.1471267576 -0.0144862710 -0.6264309966 0.0257283527 0.7789174580
1.400000000 0.1242633190 -0.4095901871 -0.1436533687 -0.0189402582 -0.6269684823 0.0230680338 0.7784726422
1.420000000 0.1261374704 -0.4179732584 -0.1395162993 -0.0231516788 -0.6279585017 0.0203933472 0.7776350245
1.440000000 0.1280095400 -0.4260881526 -0.1347534415 -0.0271386010 -0.6293251799 0.0176319970 0.7764679175
1.460000000 0.1298768166 -0.4338986567 -0.1294143256 -0.0309094530 -0.6309434221 0.0146849256 0.7750737751
1.480000000 0.1317301661 -0.4413666445 -0.1235295906 -0.0344815591 -0.6327943748 0.0116107392 0.7734646030
1.500000000 0.1335540321 -0.4484520775 -0.1171109839 -0.0378816355 -0.6349653791 0.0086252196 0.7715630594
1.520000000 0.1353308728 -0.4551205317 -0.1101795972 -0.0411192564 -0.6375005845 0.0059062066 0.7693291417
1.540000000 0.1370363224 -0.4613603739 -0.1027971853 -0.0441311202 -0.6402508976 0.0034477995 0.7668893956
1.560000000 0.1386460560 -0.4671642642 -0.0950349329 -0.0468422295 -0.6430275393 0.0012084687 0.7644082213
1.580000000 0.1401759245 -0.4724925571 -0.0869471029 -0.0493058292 -0.6458014713 -0.0006385979 0.7619114037
1.600000000 0.1416819552 -0.4772733011 -0.0785710364 -0.0517047424 -0.6486997838 -0.0017066973 0.7592840689
1.620000000 0.1432195695 -0.4814550536 -0.0699513137 -0.0541872010 -0.6517692858 -0.0016972559 0.7564771408
1.640000000 0.1448347777 -0.4850740253 -0.0611644145 -0.0567372446 -0.6547189692 -0.0007047267 0.7537396499
1.660000000 0.1465705370 -0.4881873579 -0.0522929116 -0.0592979677 -0.6571869000 0.0010740366 0.7513906946
1.680000000 0.1484536951 -0.4908295918 -0.0433760913 -0.0617307833 -0.6590746405 0.0033762651 0.7495322071
1.700000000 0.1504949902 -0.4930126673 -0.0344099539 -0.0638125450 -0.6605459727 0.0058733461 0.7480457746
1.720000000 0.1526867963 -0.4947564146 -0.0253917293 -0.0653992479 -0.6617483522 0.0082210107 0.7468229186
1.740000000 0.1549508324 -0.4961161568 -0.0163310949 -0.0666682357 -0.6627199372 0.0100281489 0.7458264325
1.760000000 0.1571928752 -0.4971505965 -0.0072389609 -0.0678675040 -0.6634796785 0.0109115825 0.7450299695
1.780000000 0.1593582934 -0.4977920903 0.0019169806 -0.0690402461 -0.6642235697 0.0109371031 0.7442586067
1.800000000 0.1614320471 -0.4978466482 0.0112122559 -0.0700247816 -0.6653242093 0.0106201116 0.7431873516
1.820000000 0.1633945289 -0.4971481447 0.0206956921 -0.0707006841 -0.6670771153 0.0105093158 0.7415518119
1.840000000 0.1652009737 -0.4956638837 0.0303018033 -0.0711521072 -0.6694414558 0.0112082258 0.7393645181
1.860000000 0.1668029685 -0.4933956171 0.0399373650 -0.0715151189 -0.6722875656 0.0133100829 0.7367074444
1.880000000 0.1682128479 -0.4903701775 0.0495284594 -0.0718701352 -0.6754353278 0.0168452672 0.7337152299
1.900000000 0.1695036941 -0.4866394782 0.0590204754 -0.0722435227 -0.6786597892 0.0212802249 0.7305812179
1.920000000 0.1707416449 -0.4822693138 0.0683584414 -0.0726448449 -0.6817644589 0.0260779830 0.7274887545
1.940000000 0.1719544955 -0.4773766429 0.0774825866 -0.0730089534 -0.6846550504 0.0307857498 0.7245477157
1.960000000 0.1731601448 -0.4720886311 0.0863341243 -0.0732554345 -0.6872703824 0.0349840757 0.7218512154
1.980000000 0.1743693576 -0.4664730073 0.0949045038 -0.0733836980 -0.6896186119 0.0385272181 0.7194141064
2.000000000 0.1755857634 -0.4605380642 0.1032354104 -0.0734705401 -0.6917715494 0.0415429537 0.7171669166
2.020000000 0.1767953228 -0.4542729447 0.1113582177 -0.0735171328 -0.6937905453 0.0440839429 0.7150570022
2.040000000 0.1779145611 -0.4476005296 0.1192543174 -0.0732112180 -0.6956943737 0.0458553889 0.7131246310
2.060000000 0.1788437380 -0.4404277946 0.1268912107 -0.0721768589 -0.6974932236 0.0465047089 0.7114288553
2.080000000 0.1795082721 -0.4326769056 0.1342043205 -0.0704151299 -0.6992456419 0.0463164014 0.7098957900
2.100000000 0.1798587405 -0.4242852185 0.1410969917 -0.0683061497 -0.7010596001 0.0462116582 0.7083178592
2.120000000 0.1798641911 -0.4152076349 0.1474804789 -0.0661342815 -0.7030276976 0.0469298856 0.7065238136
2.140000000 0.1795631805 -0.4054665978 0.1533032544 -0.0637392698 -0.7051715931 0.0483681751 0.7045075226
2.160000000 0.1790108071 -0.3951016727 0.1585230230 -0.0608540172 -0.7074909627 0.0502206409 0.7023042173
2.180000000 0.1782429626 -0.3841578840 0.1630958262 -0.0572885711 -0.7099176022 0.0523542113 0.6999957531
2.200000000 0.1772763311 -0.3726857148 0.1669760431 -0.0529297190 -0.7123144316 0.0548116251 0.6977121764
2.220000000 0.1761361391 -0.3607436965 0.1701215176 -0.0478081284 -0.7145441692 0.0576049026 0.6955736398
2.240000000 0.1748851216 -0.3484216044 0.1725042445 -0.0425151759 -0.7164910791 0.0605867941 0.6936585859
2.260000000 0.1735935679 -0.3358153166 0.1740999793 -0.0377581703 -0.7180587442 0.0635776602 0.6920432367
2.280000000 0.1722898446 -0.3229814223 0.1748896078 -0.0336437372 -0.7192114858 0.0665232516 0.6907804243
2.300000000 0.1709603960 -0.3099372215 0.1748591464 -0.0296770601 -0.7199618736 0.0694927755 0.6898876190
2.320000000 0.1695929249 -0.2967048486 0.1739948486 -0.0254716335 -0.7202964505 0.0725053894 0.6893962488
2.340000000 0.1681874599 -0.2833326078 0.1722830252 -0.0211767546 -0.7201116861 0.0753597037 0.6894284732
2.360000000 0.1667457739 -0.2698720434 0.1697124047 -0.0170541751 -0.7192928710 0.0778187105 0.6901240245
2.380000000 0.1652388840 -0.2562987452 0.1663270054 -0.0128223886 -0.7179143542 0.0800137544 0.6913988469
2.400000000 0.1636070512 -0.2425123490 0.1622261344 -0.0076542659 -0.7162299709 0.0824392654 0.6929356453
2.420000000 0.1617933771 -0.2284456771 0.1575030288 -0.0010590346 -0.7144573858 0.0854639993 0.6944389298
2.440000000 0.1597576729 -0.2141775064 0.1522170298 0.0060182866 -0.7126969930 0.0888926051 0.6957908315
2.460000000 0.1574654376 -0.1998215220 0.1464200222 0.0123109728 -0.7110450218 0.0923982176 0.6969404468
2.480000000 0.1549169039 -0.1854550499 0.1401873088 0.0173837090 -0.7095802568 0.0958288816 0.6978613696
2.500000000 0.1521470379 -0.1711190567 0.1336176101 0.0216321477 -0.7083417414 0.0992067136 0.6985284930
2.520000000 0.1491863412 -0.1568443116 0.1267860952 0.0254597052 -0.7073268221 0.1025332855 0.6989474197
2.540000000 0.1460414158 -0.1426271173 0.1196696561 0.0291530940 -0.7063894962 0.1056992065 0.6992793823
2.560000000 0.1427136353 -0.1284553289 0.1122212091 0.0329644374 -0.7053438506 0.1085701316 0.6997256068
2.580000000 0.1392215366 -0.1143206975 0.1044073255 0.0370314171 -0.7039616248 0.1110791112 0.7005199040
2.600000000 0.1356008199 -0.1002188701 0.0962082319 0.0413741918 -0.7019700912 0.1132301215 0.7019295598
2.620000000 0.1318804196 -0.0861473596 0.0876295656 0.0460122032 -0.6991947265 0.1150496184 0.7041116367
2.640000000 0.1280592224 -0.0721104645 0.0787762324 0.0509892103 -0.6958801653 0.1166366176 0.7067862445
2.660000000 0.1241277908 -0.0581141163 0.0697753604 0.0563428795 -0.6923713607 0.1181132113 0.7095749771
2.680000000 0.1200580094 -0.0441627795 0.0606943880 0.0618465438 -0.6888546410 0.1197087810 0.7122668716
2.700000000 0.1158030850 -0.0302594517 0.0515410640 0.0670139546 -0.6853624744 0.1217589801 0.7148161717
2.720000000 0.1113240334 -0.0164143664 0.0423281774 0.0714257231 -0.6819464266 0.1244885398 0.7171820138
2.740000000 0.1066163545 -0.0026669557 0.0330990579 0.0749707378 -0.6787424685 0.1276601205 0.7192989251
2.760000000 0.1016840269 0.0109381018 0.0239028893 0.0776252477 -0.6759045645 0.1309315852 0.7210993418
2.780000000 0.0965277538 0.0244033414 0.0147478894 0.0795538312 -0.6734245781 0.1341594126 0.7226145429
2.800000000 0.0911449634 0.0377785126 0.0056013100 0.0811066283 -0.6711248975 0.1373960399 0.7239719711
2.820000000 0.0855372926 0.0511049073 -0.0035756868 0.0825936824 -0.6688139783 0.1407041859 0.7253057825
2.840000000 0.0797237854 0.0643817746 -0.0128391731 0.0841296066 -0.6662835974 0.1441533388 0.7267793283
2.860000000 0.0737268580 0.0775990452 -0.0222465129 0.0857836996 -0.6633262129 0.1478103290 0.7285544583
2.880000000 0.0675464010 0.0907740681 -0.0317856907 0.0877360722 -0.6599009680 0.1516487373 0.7306406466
2.900000000 0.0611597796 0.1039516106 -0.0413753120 0.0902772894 -0.6561348600 0.1555473412 0.7328997757
2.920000000 0.0545505213 0.1171542230 -0.0509422173 0.0935574441 -0.6521388656 0.1594451419 0.7352136774
2.940000000 0.0477307197 0.1303108208 -0.0604582543 0.0971506724 -0.6479323340 0.1635417728 0.7375632352
2.960000000 0.0407190332 0.1433290194 -0.0699047299 0.1005121021 -0.6435192621 0.1680833634 0.7399515252
2.980000000 0.0335208534 0.1561649495 -0.0792217235 0.1036423211 -0.6390177727 0.1728579843 0.7423170972
3.000000000 0.0261283046 0.1688232563 -0.0883080871 0.1070864976 -0.6346614512 0.1771950573 0.7445396135
3.020000000 0.0185426061 0.1813109169 -0.0970846843 0.1112140665 -0.6306418160 0.1805947078 0.7465305639
3.040000000 0.0108036646 0.1936357988 -0.1055675950 0.1155924724 -0.6269413227 0.1833132258 0.7483175926
3.060000000 0.0029600368 0.2058057010 -0.1137943805 0.1196037620 -0.6234923437 0.1857864632 0.7499570838
3.080000000 -0.0049632217 0.2178217265 -0.1217491817 0.1229899090 -0.6202860629 0.1882464135 0.7514532389
3.100000000 -0.0129645562 0.2296782823 -0.1293627189 0.1258551193 -0.6173739338 0.1907241362 0.7527511001
3.120000000 -0.0210575489 0.2413842856 -0.1365797959 0.1283774489 -0.6147779193 0.1932503035 0.7538047895
3.140000000 -0.0293122406 0.2530078592 -0.1434108426 0.1309656879 -0.6123904729 0.1958849308 0.7546224163
3.160000000 -0.0378101251 0.2646290896 -0.1498826113 0.1340699401 -0.6100687561 0.1986934911 0.7552233184
3.180000000 -0.0465714680 0.2762627958 -0.1560199329 0.1377647920 -0.6076958119 0.2017532669 0.7556601628
3.200000000 -0.0555553070 0.2878585294 -0.1618457163 0.1417494320 -0.6051843119 0.2051549369 0.7560228164
3.220000000 -0.0647247730 0.2993670287 -0.1673629112 0.1457502678 -0.6024951117 0.2089567996 0.7563686639
3.240000000 -0.0740700180 0.3107551284 -0.1724949634 0.1496661478 -0.5997749233 0.2130876850 0.7566133254
3.260000000 -0.0835868612 0.3219936869 -0.1771469827 0.1534457451 -0.5972163331 0.2174400958 0.7566418304
3.280000000 -0.0932460927 0.3330535476 -0.1812595034 0.1571554162 -0.5949278749 0.2218043957 0.7564164255
3.300000000 -0.1029934743 0.3439055392 -0.1848084835 0.1609793249 -0.5929307279 0.2258670084 0.7559781104
3.320000000 -0.1127787926 0.3545311575 -0.1877848471 0.1650434696 -0.5912125442 0.2294138085 0.7553791665
3.340000000 -0.1225722886 0.3649545704 -0.1902332204 0.1692140617 -0.5896383871 0.2326491670 0.7546969848
3.360000000 -0.1323497801 0.3752096266 -0.1922100641 0.1732987562 -0.5880418997 0.2358715435 0.7540151724
3.380000000 -0.1420977409 0.3853074655 -0.1937352385 0.1772626636 -0.5862693956 0.2391455282 0.7534424731
3.400000000 -0.1518133012 0.3952365175 -0.1947920042 0.1812264837 -0.5841810816 0.2423044371 0.7531121997
3.420000000 -0.1614886887 0.4049839719 -0.1953533572 0.1852795312 -0.5817306644 0.2452221943 0.7530783524
3.440000000 -0.1710946681 0.4145360032 -0.1953576008 0.1893632600 -0.5792453329 0.2479717424 0.7530779608
3.460000000 -0.1805958431 0.4238780393 -0.1947362668 0.1933831839 -0.5771345035 0.2506694444 0.7527838592
3.480000000 -0.1899385216 0.4329841769 -0.1934646267 0.1972381704 -0.5755091526 0.2532937545 0.7521493158
3.500000000 -0.1990507158 0.4418171809 -0.1915616916 0.2008215587 -0.5741816230 0.2556836924 0.7514066907
3.520000000 -0.2078714867 0.4503515236 -0.1890434130 0.2040803564 -0.5729949958 0.2577299820 0.7507351059
3.540000000 -0.2163872717 0.4586104762 -0.1859058955 0.2071709273 -0.5719620157 0.2595582815 0.7500461039
3.560000000 -0.2245958800 0.4666291203 -0.1821409914 0.2102976841 -0.5711325315 0.2613514196 0.7491848577
3.580000000 -0.2324842556 0.4744335892 -0.1777568647 0.2135824023 -0.5704875228 0.2632833609 0.7480697932
3.600000000 -0.2400284768 0.4820410676 -0.1727779914 0.2170647151 -0.5699406652 0.2655190361 0.7466928345
3.620000000 -0.2472140246 0.4894624250 -0.1672219175 0.2207935403 -0.5694132081 0.2681772311 0.7450501887
3.640000000 -0.2540658792 0.4966848269 -0.1610756328 0.2248694275 -0.5688716135 0.2711986694 0.7431487803
3.660000000 -0.2606167336 0.5036883526 -0.1543184953 0.2293962863 -0.5682999515 0.2744787301 0.7409952332
3.680000000 -0.2668495541 0.5104263913 -0.1469300275 0.2342637980 -0.5678438331 0.2779006564 0.7385425372
3.700000000 -0.2726975808 0.5168256427 -0.1388899162 0.2391507436 -0.5678132254 0.2813341291 0.7356943459
3.720000000 -0.2781062429 0.5228246071 -0.1301932805 0.2437830013 -0.5684345228 0.2846849494 0.7323977889
3.740000000 -0.2830783760 0.5284136310 -0.1208969388 0.2481029826 -0.5695606974 0.2880043823 0.7287653928
3.760000000 -0.2876308131 0.5335955161 -0.1110718930 0.2521123702 -0.5709586237 0.2913715580 0.7249470450
3.780000000 -0.2917722433 0.5383614281 -0.1007605818 0.2559072489 -0.5725366738 0.2947198371 0.7210086371
3.800000000 -0.2955032121 0.5426908962 -0.0899768816 0.2596772223 -0.5743419874 0.2978391002 0.7169315812
3.820000000 -0.2988192859 0.5465633256 -0.0787431446 0.2635819314 -0.5764026648 0.3005250028 0.7127196195
3.840000000 -0.3016975324 0.5499596463 -0.0671205961 0.2676442594 -0.5786466550 0.3026273606 0.7084852007
3.860000000 -0.3041105624 0.5528608211 -0.0551796927 0.2718511316 -0.5809784407 0.3040160476 0.7043686936
3.880000000 -0.3060348513 0.5552397869 -0.0429797003 0.2760765653 -0.5833634106 0.3046801709 0.7004561762
3.900000000 -0.3074507387 0.5570614547 -0.0305686941 0.2800812597 -0.5858279483 0.3047273014 0.6967792870
3.920000000 -0.3083477728 0.5583036869 -0.0179925499 0.2836878387 -0.5883873522 0.3042611849 0.6933589729
3.940000000 -0.3087516641 0.5589975465 -0.0052902919 0.2869753045 -0.5910058576 0.3033467330 0.6901724498
3.960000000 -0.3086965809 0.5591864750 0.0075008992 0.2900831229 -0.5936356179 0.3020418958 0.6871820924
3.980000000 -0.3082032949 0.5588927056 0.0203468515 0.2930579036 -0.5962941136 0.3004973289 0.6842892302
4.000000000 -0.3072791812 0.5581172636 0.0332164017 0.2958513827 -0.5990663436 0.2989567727 0.6813342229
4.020000000 -0.3059184418 0.5568601731 0.0460692579 0.2983411379 -0.6020237268 0.2976223025 0.6782189638
4.040000000 -0.3040649173 0.5551211407 0.0588280915 0.3001238381 -0.6051766628 0.2965136725 0.6751048294
4.060000000 -0.3016520684 0.5528989493 0.0714091711 0.3007509384 -0.6085223183 0.2955939295 0.6722155086
4.080000000 -0.2986641995 0.5501729604 0.0837944692 0.3003374664 -0.6120377044 0.2946310346 0.6696266184
4.100000000 -0.2951364590 0.5469031140 0.0960316624 0.2995641287 -0.6156768015 0.2931984348 0.6672616328
4.120000000 -0.2910968154 0.5430541502 0.1081417310 0.2989845872 -0.6193769251 0.2909876525 0.6650613712
4.140000000 -0.2865356753 0.5386133871 0.1200274422 0.2985457831 -0.6230164517 0.2882106565 0.6630652561
4.160000000 -0.2814358104 0.5335751723 0.1315640693 0.2980552282 -0.6264602844 0.2852019521 0.6613398820
4.180000000 -0.2758203701 0.5279657086 0.1426742447 0.2975377932 -0.6295561844 0.2820864316 0.6599678155
4.200000000 -0.2697528813 0.5218430541 0.1533279600 0.2972347885 -0.6321334585 0.2787783029 0.6590458474
4.220000000 -0.2632939312 0.5152542695 0.1635156340 0.2973377100 -0.6341491112 0.2751910151 0.6585704945
4.240000000 -0.2564853248 0.5081968859 0.1733011585 0.2977925740 -0.6360735144 0.2712725629 0.6581346851
4.260000000 -0.2493625691 0.5006561337 0.1827604805 0.2984669686 -0.6384841721 0.2669861369 0.6572471630
4.280000000 -0.2419243105 0.4926191246 0.1918243554 0.2989067400 -0.6415329263 0.2624758062 0.6558938302
4.300000000 -0.2341323343 0.4840748516 0.2002783467 0.2983372861 -0.6449496292 0.2580651908 0.6545511416
4.320000000 -0.2259606390 0.4750243542 0.2079330633 0.2962156294 -0.6484656021 0.2540087432 0.6536269748
4.340000000 -0.2174384842 0.4655165308 0.2147245465 0.2929810492 -0.6518752122 0.2502511975 0.6531425194
4.360000000 -0.2086078057 0.4556114594 0.2206195128 0.2892999724 -0.6549912758 0.2466638705 0.6530305426
4.380000000 -0.1994843365 0.4453511643 0.2255689627 0.2853653684 -0.6576864555 0.2432606330 0.6533294706
4.400000000 -0.1900576066 0.4347596163 0.2295081807 0.2808962433 -0.6598901945 0.2401971560 0.6541770081
4.420000000 -0.1803259098 0.4238490031 0.2323912285 0.2756948654 -0.6615734370 0.2375946655 0.6556383940
4.440000000 -0.1703271522 0.4125875217 0.2342500083 0.2699778054 -0.6628782580 0.2354254205 0.6574794834
4.460000000 -0.1601099784 0.4009347465 0.2351350594 0.2640618758 -0.6639843825 0.2336167850 0.6594082676
4.480000000 -0.1497422523 0.3889048792 0.2350779883 0.2581424845 -0.6649173171 0.2319149365 0.6614097681
4.500000000 -0.1393110573 0.3765667493 0.2340914686 0.2522908762 -0.6655488733 0.2298836267 0.6637375455
4.520000000 -0.1288916247 0.3639717045 0.2321873239 0.2465836748 -0.6657928462 0.2272264303 0.6665467175
4.540000000 -0.1185084355 0.3510916651 0.2293772692 0.2411439920 -0.6657686576 0.2242464245 0.6695634479
4.560000000 -0.1081741580 0.3378818662 0.2256720525 0.2361031515 -0.6656443324 0.2213872505 0.6724288883
4.580000000 -0.0979215871 0.3243704850 0.2210608050 0.2314554570 -0.6653500890 0.2188478548 0.6751616451
4.600000000 -0.0878036444 0.3106586410 0.2155110407 0.2270565908 -0.6645669795 0.2165792824 0.6781514939
4.620000000 -0.0778747451 0.2968294111 0.2090105359 0.2227314072 -0.6631142334 0.2145656506 0.6816390652
4.640000000 -0.0681917781 0.2828810157 0.2016318758 0.2182110083 -0.6614289468 0.2129807263 0.6852261776
4.660000000 -0.0588125968 0.2687935511 0.1934667813 0.2132277475 -0.6600840684 0.2120357726 0.6883776445
4.680000000 -0.0498030179 0.2546181814 0.1845594493 0.2080156025 -0.6591862585 0.2116234918 0.6909547622
4.700000000 -0.0412368213 0.2404771388 0.1749065525 0.2033081834 -0.6583784140 0.2113193092 0.6932155481
4.720000000 -0.0331713857 0.2264695958 0.1645265100 0.1996624611 -0.6573749578 0.2108410314 0.6953697764
4.740000000 -0.0255971017 0.2125901269 0.1535329919 0.1968344997 -0.6562441296 0.2105127970 0.6973407950
4.760000000 -0.0184854587 0.1988057699 0.1420607191 0.1943869282 -0.6551360449 0.2107796600 0.6989867093
4.780000000 -0.0117583986 0.1850516591 0.1301808898 0.1920444646 -0.6541239846 0.2114346330 0.7003828470
4.800000000 -0.0052883166 0.1712310249 0.1179011797 0.1896931934 -0.6532062221 0.2116211891 0.7018223395
4.820000000 0.0010270977 0.1572830529 0.1052153873 0.1872424997 -0.6522927139 0.2107087918 0.7036023499
4.840000000 0.0071803599 0.1432962974 0.0920728512 0.1846673181 -0.6509574550 0.2090819906 0.7060007752
4.860000000 0.0131376685 0.1293929731 0.0784169211 0.1819588149 -0.6487102020 0.2073639659 0.7092716328
4.880000000 0.0188912541 0.1156106103 0.0643088587 0.1790837456 -0.6455580163 0.2058976016 0.7132951965
4.900000000 0.0244593800 0.1019020549 0.0499278369 0.1759887986 -0.6420089351 0.2047489598 0.7175864642
4.920000000 0.0298585795 0.0882196690 0.0354383759 0.1726748549 -0.6385087055 0.2039027875 0.7217435006
4.940000000 0.0350939410 0.0745286083 0.0209258776 0.1693436929 -0.6351432491 0.2030635689 0.7257278786
4.960000000 0.0401675852 0.0607961418 0.0064547254 0.1662380311 -0.6319089061 0.2018771992 0.7295900546
4.980000000 0.0450791965 0.0469645922 -0.0079391990 0.1634235542 -0.6287991119 0.2002493657 0.7333516281
5.000000000 0.0498260233 0.0329513358 -0.0222485148 0.1607871694 -0.6258050102 0.1983440677 0.7370042104
5.020000000 0.0544017317 0.0186916249 -0.0364797444 0.1582213127 -0.6229191315 0.1963155060 0.7405389888
5.040000000 0.0587860841 0.0041965552 -0.0506900655 0.1556787916 -0.6201360104 0.1942369301 0.7439539350
5.060000000 0.0629570877 -0.0105043249 -0.0649487181 0.1531254253 -0.6174427320 0.1921616673 0.7472556259
5.080000000 0.0669323367 -0.0253931523 -0.0793111081 0.1504792601 -0.6146479658 0.1901400596 0.7506068399
5.100000000 0.0707690117 -0.0404637489 -0.0938188073 0.1476119853 -0.6113774811 0.1882172912 0.7543225628
5.120000000 0.0745088310 -0.0557183180 -0.1084738301 0.1443870726 -0.6073941753 0.1864195025 0.7585990102
5.140000000 0.0781247787 -0.0711905550 -0.1231223680 0.1406461867 -0.6030658230 0.1847082709 0.7631599557
5.160000000 0.0815735169 -0.0869233341 -0.1375744202 0.1362330929 -0.5989021314 0.1830305796 0.7676305025
5.180000000 0.0848315247 -0.1029895642 -0.1517035521 0.1311246874 -0.5950813365 0.1812469925 0.7719028741
5.200000000 0.0878950977 -0.1194921886 -0.1654468946 0.1254257993 -0.5914451801 0.1791319897 0.7761267281
5.220000000 0.0907692101 -0.1365202324 -0.1787330566 0.1192317727 -0.5878906375 0.1764682621 0.7804020343
5.240000000 0.0934901036 -0.1541018250 -0.1914455024 0.1125817631 -0.5846106612 0.1730762228 0.7846020282
5.260000000 0.0961000882 -0.1722486666 -0.2034593837 0.1055027982 -0.5818582489 0.1687938546 0.7885548633
5.280000000 0.0986012588 -0.1909447483 -0.2147182393 0.0981683265 -0.5794673965 0.1635449600 0.7923594904
5.300000000 0.1009554953 -0.2101463518 -0.2252339956 0.0909011215 -0.5768549771 0.1573314392 0.7963806500
5.320000000 0.1031282365 -0.2298121312 -0.2349928647 0.0838572957 -0.5735858751 0.1502691240 0.8008660239
5.340000000 0.1051061509 -0.2499150496 -0.2438663106 0.0765164377 -0.5698782915 0.1429154608 0.8055800014
5.360000000 0.1068811720 -0.2704262427 -0.2516968387 0.0682313899 -0.5661078882 0.1359216818 0.8101800002
5.380000000 0.1084442511 -0.2911925330 -0.2583207170 0.0592493842 -0.5625428020 0.1294654059 0.8144162419
5.400000000 0.1097853570 -0.3119364309 -0.2635679762 0.0507080335 -0.5593529830 0.1232577082 0.8181445307
5.420000000 0.1109079695 -0.3324545184 -0.2672873515 0.0434603313 -0.5566940916 0.1170344194 0.8212830405
5.440000000 0.1118697813 -0.3528612845 -0.2694034820 0.0370573974 -0.5546340932 0.1106771569 0.8238679135
5.460000000 0.1127417926 -0.3733473453 -0.2698608872 0.0307342545 -0.5532095853 0.1040847978 0.8259424406
5.480000000 0.1135893571 -0.3940262693 -0.2686248948 0.0240761348 -0.5524840761 0.0967432522 0.8275399861
5.500000000 0.1144721812 -0.4149345772 -0.2656816405 0.0170155591 -0.5525466533 0.0877302039 0.8286773063
5.520000000 0.1154195511 -0.4360760458 -0.2610262435 0.0094922650 -0.5534385347 0.0764674016 0.8293180462
5.540000000 0.1163400543 -0.4573368756 -0.2546861383 0.0014328053 -0.5550724440 0.0638193226 0.8293489151
5.560000000 0.1171140057 -0.4785724768 -0.2466979787 -0.0072353924 -0.5573530359 0.0509878991 0.8286769434
5.580000000 0.1176654691 -0.4996061385 -0.2371246450 -0.0163059346 -0.5602705582 0.0384377237 0.8272566467
5.600000000 0.1179622570 -0.5202290293 -0.2260552450 -0.0252951407 -0.5638794759 0.0258962269 0.8250633176
5.620000000 0.1179819895 -0.5402555070 -0.2135944084 -0.0338078730 -0.5681684406 0.0131803781 0.8221118710
5.640000000 0.1177339075 -0.5595982727 -0.1999042930 -0.0418153594 -0.5728766517 0.0005690306 0.8185740614
5.660000000 0.1172353411 -0.5781930265 -0.1851581284 -0.0493970956 -0.5777026364 -0.0115460854 0.8146694291
5.680000000 0.1165078468 -0.5959389778 -0.1694530095 -0.0568932230 -0.5825252192 -0.0229255422 0.8104948795
5.700000000 0.1155772080 -0.6126988453 -0.1528098960 -0.0649013940 -0.5873737828 -0.0334928589 0.8060136951
5.720000000 0.1144825322 -0.6283312162 -0.1352425005 -0.0738403460 -0.5922897996 -0.0431382489 0.8011738189
5.740000000 0.1133154904 -0.6426844995 -0.1167487865 -0.0833598289 -0.5973898726 -0.0515893610 0.7959365658
5.760000000 0.1121783727 -0.6556094761 -0.0973261018 -0.0929470253 -0.6027986994 -0.0585464375 0.7902954468
5.780000000 0.1111154699 -0.6670700156 -0.0770481836 -0.1024991592 -0.6083694175 -0.0640440028 0.7843971825
5.800000000 0.1101130732 -0.6771430753 -0.0560651580 -0.1123179588 -0.6136772415 -0.0684541733 0.7785235678
5.820000000 0.1091664982 -0.6858830690 -0.0345124899 -0.1225944882 -0.6184272949 -0.0721089783 0.7728638739
5.840000000 0.1083172429 -0.6932345679 -0.0124537131 -0.1329730784 -0.6229408225 -0.0751214949 0.7672155193
5.860000000 0.1076168930 -0.6991169952 0.0100650058 -0.1429695911 -0.6276836238 -0.0775552652 0.7612871635
5.880000000 0.1070835037 -0.7035029590 0.0329833448 -0.1522403920 -0.6329182637 -0.0796377953 0.7549140057
5.900000000 0.1067015995 -0.7064182524 0.0562268260 -0.1605794668 -0.6387111748 -0.0817424073 0.7480511004
5.920000000 0.1064626565 -0.7078689456 0.0796792672 -0.1677479526 -0.6450655548 -0.0841423016 0.7407233812
5.940000000 0.1063917885 -0.7077729668 0.1030601302 -0.1733439412 -0.6517796739 -0.0867175132 0.7332224817
5.960000000 0.1065230786 -0.7060311920 0.1260509005 -0.1769474880 -0.6586200031 -0.0892399294 0.7259101274
5.980000000 0.1069034903 -0.7026591018 0.1484046659 -0.1785944584 -0.6654313418 -0.0915520895 0.7189738269
6.000000000 0.1075928671 -0.6977867819 0.1699461158 -0.1787762199 -0.6721227550 -0.0935703886 0.7124146600
6.020000000 0.1086248564 -0.6914993874 0.1905164219 -0.1778792352 -0.6786318976 -0.0952161217 0.7062234883
6.040000000 0.1099260808 -0.6836824184 0.2100102326 -0.1757903792 -0.6850012690 -0.0964674891 0.7004034749
6.060000000 0.1113974675 -0.6741786157 0.2283368643 -0.1722983417 -0.6913002207 -0.0973008032 0.6949459260
6.080000000 0.1129643403 -0.6629952648 0.2454355085 -0.1677796339 -0.6976857872 -0.0975072267 0.6896208216
6.100000000 0.1145764199 -0.6503041958 0.2612752321 -0.1632047054 -0.7044066122 -0.0967067341 0.6839761373
6.120000000 0.1161993510 -0.6362818715 0.2757883493 -0.1592999207 -0.7115420361 -0.0947591743 0.6777552397
6.140000000 0.1178582314 -0.6210946677 0.2887549694 -0.1556940498 -0.7184840625 -0.0925276488 0.6715494390
6.160000000 0.1195928000 -0.6049004404 0.2999234542 -0.1517602828 -0.7245023536 -0.0910844607 0.6661597235
6.180000000 0.1214376831 -0.5877190883 0.3091871656 -0.1472425125 -0.7294932496 -0.0905195797 0.6617895791
6.200000000 0.1234223941 -0.5694325531 0.3165844651 -0.1422460492 -0.7339524357 -0.0899275454 0.6580219755
6.220000000 0.1255625302 -0.5499356991 0.3221250563 -0.1368208406 -0.7382406323 -0.0885029873 0.6545594301
6.240000000 0.1278189122 -0.5291990751 0.3256787937 -0.1307610902 -0.7421277680 -0.0860431533 0.6517242431
6.260000000 0.1301401010 -0.5072148077 0.3270879424 -0.1238097248 -0.7452534997 -0.0824963425 0.6499713276
6.280000000 0.1325076382 -0.4840361257 0.3263643530 -0.1158226330 -0.7475951853 -0.0779898336 0.6493105131
6.300000000 0.1349360465 -0.4597773602 0.3236894613 -0.1067661251 -0.7494632741 -0.0728293030 0.6493086231
6.320000000 0.1374126381 -0.4345738585 0.3191834328 -0.0967621992 -0.7510052588 -0.0673173005 0.6496895867
6.340000000 0.1398101482 -0.4086344056 0.3126918592 -0.0865223578 -0.7516793801 -0.0617378183 0.6509073920
6.360000000 0.1419758027 -0.3821809008 0.3040032037 -0.0768881934 -0.7508259790 -0.0563495808 0.6535849445
6.380000000 0.1438289344 -0.3553145986 0.2931707774 -0.0680609111 -0.7485317018 -0.0512323300 0.6576041759
6.400000000 0.1453609824 -0.3280161087 0.2805127385 -0.0595969726 -0.7456140852 -0.0462903391 0.6620914147
6.420000000 0.1465399009 -0.3002463190 0.2662834211 -0.0510456369 -0.7426826019 -0.0414027050 0.6664103179
6.440000000 0.1472271639 -0.2719082102 0.2504358017 -0.0420110608 -0.7393710530 -0.0364302824 0.6709980263
6.460000000 0.1472604594 -0.2428979039 0.2328564355 -0.0321319584 -0.7350730690 -0.0312169646 0.6765061874
6.480000000 0.1465426576 -0.2132867140 0.2136369948 -0.0215038472 -0.7298417094 -0.0253929086 0.6828058757
6.500000000 0.1450418112 -0.1833211475 0.1930742692 -0.0106681609 -0.7244380685 -0.0183792195 0.6890122492
6.520000000 0.1426864528 -0.1531860088 0.1714239815 -0.0000578289 -0.7194513839 -0.0098663764 0.6944727190
6.540000000 0.1392356990 -0.1227888231 0.1487419173 0.0103988057 -0.7145417313 -0.0006646198 0.6995152160
6.560000000 0.1344160271 -0.0919789913 0.1250384655 0.0208656806 -0.7091580917 0.0081733327 0.7046932814
6.580000000 0.1281773469 -0.0608634019 0.1004295446 0.0307647236 -0.7032494002 0.0164462296 0.7100868500
6.600000000 0.1206930011 -0.0298064311 0.0751366023 0.0387700674 -0.6972855486 0.0248235627 0.7153135930
6.620000000 0.1120980431 0.0009249554 0.0493398312 0.0440914665 -0.6915499752 0.0338580058 0.7201862327
6.640000000 0.1023355115 0.0314982135 0.0230360523 0.0482159600 -0.6853825826 0.0434401605 0.7252853846
6.660000000 0.0913042388 0.0621802084 -0.0038162757 0.0531316555 -0.6778728679 0.0533149523 0.7313158812
6.680000000 0.0789903973 0.0930262846 -0.0310866292 0.0594744014 -0.6687231519 0.0637471237 0.7383823169
6.700000000 0.0654674996 0.1238802660 -0.0584724195 0.0665330215 -0.6582688080 0.0755131582 0.7460249971
6.720000000 0.0507719093 0.1546009185 -0.0856662215 0.0738281697 -0.6468174993 0.0890717541 0.7538187757
6.740000000 0.0347762050 0.1851435625 -0.1123711873 0.0820641968 -0.6344595765 0.1035255421 0.7615832033
6.760000000 0.0173210925 0.2154859041 -0.1382940449 0.0921822823 -0.6212504404 0.1176700035 0.7692230414
6.780000000 -0.0015440361 0.2455653392 -0.1631629430 0.1038523155 -0.6075635527 0.1313762474 0.7764158085
6.800000000 -0.0215611026 0.2752789540 -0.1867274512 0.1154928793 -0.5941146161 0.1455939275 0.7826184421
6.820000000 -0.0424962632 0.3045338652 -0.2087559882 0.1258327302 -0.5814438456 0.1610174203 0.7875040119
6.840000000 -0.0642489065 0.3332843247 -0.2290886435 0.1350337728 -0.5692292906 0.1771749428 0.7914246234
6.860000000 -0.0867542804 0.3614971236 -0.2475834718 0.1436263911 -0.5569523315 0.1933387888 0.7948557561
6.880000000 -0.1100063218 0.3891564303 -0.2640996156 0.1521918368 -0.5445255126 0.2094973370 0.7977721960
6.900000000 -0.1340576558 0.4162637910 -0.2784973054 0.1613548583 -0.5322572350 0.2263303262 0.7996508169
6.920000000 -0.1589069026 0.4427752298 -0.2906522544 0.1714676245 -0.5203564781 0.2442747187 0.8000986510
6.940000000 -0.1843264549 0.4684616597 -0.3005019181 0.1817916516 -0.5086799826 0.2627421998 0.7994767083
6.960000000 -0.2100356658 0.4930557630 -0.3079934017 0.1913782622 -0.4970665368 0.2809305192 0.7983591060
6.980000000 -0.2358347890 0.5164752922 -0.3129407352 0.2002756467 -0.4859459132 0.2986223116 0.7965996170
7.000000000 -0.2616049785 0.5388230704 -0.3150248738 0.2095326458 -0.4762915035 0.3161550223 0.7932770486
7.020000000 -0.2872220695 0.5601910097 -0.3140124701 0.2200124570 -0.4687794193 0.3337412457 0.7876910281
7.040000000 -0.3125265537 0.5805951925 -0.3100361107 0.2316474858 -0.4628622949 0.3510533904 0.7802944671
7.060000000 -0.3373490155 0.6000313525 -0.3033166015 0.2441634195 -0.4577114488 0.3676262153 0.7718389858
7.080000000 -0.3614954049 0.6184632247 -0.2939996693 0.2572707015 -0.4532699439 0.3831245534 0.7626098090
7.100000000 -0.3847470379 0.6358225458 -0.2821559619 0.2706496283 -0.4502523270 0.3973478016 0.7524203249
7.120000000 -0.4069216538 0.6520503224 -0.2678943054 0.2840418541 -0.4491528382 0.4101540175 0.7411852906
7.140000000 -0.4279869710 0.6671302061 -0.2514892956 0.2973648924 -0.4494856305 0.4216342302 0.7292196958
7.160000000 -0.4479459779 0.6810549152 -0.2332532369 0.3105936856 -0.4505346526 0.4319246714 0.7169317732
7.180000000 -0.4667504950 0.6937804924 -0.2134125494 0.3236465571 -0.4521373220 0.4410808039 0.7044660905
7.200000000 -0.4843011758 0.7052263048 -0.1921077689 0.3363709304 -0.4546853274 0.4490814078 0.6916948311
7.220000000 -0.5005138496 0.7153289909 -0.1694915923 0.3486513997 -0.4584431278 0.4558907364 0.6785541515
7.240000000 -0.5153739488 0.7241006531 -0.1457802958 0.3605012739 -0.4631164200 0.4614708184 0.6652869282
7.260000000 -0.5288808932 0.7315728991 -0.1212063158 0.3719771079 -0.4682709652 0.4657784715 0.6522313622
7.280000000 -0.5409555939 0.7377920476 -0.0960081800 0.3829826151 -0.4735222935 0.4686973891 0.6398622598
7.300000000 -0.5514404531 0.7428191280 -0.0704305082 0.3932683074 -0.4785349901 0.4700621873 0.6287971388
7.320000000 -0.5602338245 0.7467166134 -0.0446734211 0.4027038871 -0.4830658206 0.4698047810 0.6194840273
7.340000000 -0.5674715197 0.7495501937 -0.0187579853 0.4115652052 -0.4872149624 0.4681999246 0.6115754188
7.360000000 -0.5733434421 0.7513824094 0.0073348898 0.4202047934 -0.4911466957 0.4655918779 0.6045056312
7.380000000 -0.5779182109 0.7521848722 0.0335183444 0.4286298529 -0.4951495389 0.4623060027 0.5978097884
7.400000000 -0.5811431615 0.7518382652 0.0595995680 0.4365016451 -0.4996611959 0.4586485340 0.5911400218
7.420000000 -0.5829631391 0.7502577241 0.0854033336 0.4435242037 -0.5050559187 0.4547735757 0.5842822902
7.440000000 -0.5833341219 0.7475120103 0.1108431728 0.4496294178 -0.5114445611 0.4502344152 0.5775351235
7.460000000 -0.5822179849 0.7437063853 0.1358511133 0.4548107729 -0.5188536739 0.4444559593 0.5713115842
7.480000000 -0.5796482264 0.7389022650 0.1602742208 0.4590338422 -0.5270819627 0.4376655779 0.5656159281
7.500000000 -0.5757299680 0.7331172197 0.1838745998 0.4622401884 -0.5357137172 0.4309066644 0.5600573792
7.520000000 -0.5705338244 0.7263670039 0.2064327814 0.4643724790 -0.5444348486 0.4249709591 0.5543902779
7.540000000 -0.5639799283 0.7186677354 0.2278177806 0.4653136570 -0.5533438881 0.4194857811 0.5489311629
7.560000000 -0.5559584238 0.7100371304 0.2479187627 0.4649361395 -0.5626124202 0.4138036793 0.5441214624
7.580000000 -0.5465349950 0.7005275789 0.2665795737 0.4633543801 -0.5719221048 0.4080207197 0.5401175027
7.600000000 -0.5359508657 0.6902261451 0.2835987401 0.4609459126 -0.5804826375 0.4029931456 0.5368102997
7.620000000 -0.5243935767 0.6792045022 0.2988131333 0.4580748441 -0.5876594031 0.3993385167 0.5341840621
7.640000000 -0.5118054070 0.6674667293 0.3122208844 0.4549240505 -0.5934512130 0.3965665931 0.5325361052
7.660000000 -0.4980730171 0.6549979543 0.3238626505 0.4516192443 -0.5980199333 0.3939094321 0.5322100872
7.680000000 -0.4832140898 0.6417360910 0.3338299255 0.4481808026 -0.6018698148 0.3908567819 0.5330268945
7.700000000 -0.4673773299 0.6275718388 0.3422650408 0.4445247659 -0.6058482753 0.3871613296 0.5342768053
7.720000000 -0.4507021929 0.6124137498 0.3492725090 0.4405193457 -0.6106692710 0.3826654553 0.5353437185
7.740000000 -0.4332683499 0.5962499978 0.3547967265 0.4358686404 -0.6164815428 0.3775603431 0.5361130692
7.760000000 -0.4151410228 0.5790907407 0.3587413564 0.4302430891 -0.6232774829 0.3721181625 0.5366042645
7.780000000 -0.3963968728 0.5609939578 0.3609938700 0.4236028388 -0.6307916767 0.3664400621 0.5370141306
7.800000000 -0.3771239996 0.5420654491 0.3614255470 0.4162098224 -0.6385085902 0.3604537815 0.5377259854
7.820000000 -0.3573818338 0.5224004615 0.3599214914 0.4082651400 -0.6459778361 0.3540991903 0.5391159191
7.840000000 -0.3371131404 0.5020437140 0.3564249222 0.3996543884 -0.6530211934 0.3473707170 0.5414547772
7.860000000 -0.3162388276 0.4810294825 0.3508959787 0.3902077794 -0.6595118015 0.3402678729 0.5449769236
7.880000000 -0.2948479336 0.4594424015 0.3433498132 0.3801805057 -0.6651069110 0.3329235577 0.5497794874
7.900000000 -0.2731976261 0.4374174631 0.3338565906 0.3702731683 -0.6692710186 0.3256034407 0.5558385411
7.920000000 -0.2515535395 0.4150918169 0.3224945523 0.3611362698 -0.6715852081 0.3186775133 0.5630262387
7.940000000 -0.2301859341 0.3926024816 0.3093646772 0.3530623999 -0.6720534728 0.3129288261 0.5707596878
7.960000000 -0.2093553726 0.3700773671 0.2945726638 0.3462414225 -0.6708147461 0.3091920829 0.5783811111
7.980000000 -0.1890727636 0.3474356210 0.2782020193 0.3400432023 -0.6684500808 0.3073040734 0.5857553385
8.000000000 -0.1690993619 0.3243876287 0.2603140597 0.3329838330 -0.6659444365 0.3061168572 0.5932387750
8.020000000 -0.1492661908 0.3007037459 0.2409834919 0.3239181384 -0.6640071522 0.3047174883 0.6010979901
8.040000000 -0.1297267645 0.2764305153 0.2203424473 0.3132296373 -0.6623161847 0.3033767789 0.6092511763
8.060000000 -0.1107103823 0.2516793487 0.1985379089 0.3016792485 -0.6603248392 0.3026514883 0.6175457995
8.080000000 -0.0923350733 0.2264655613 0.1757282588 0.2896856992 -0.6579652869 0.3025776253 0.6257880293
8.100000000 -0.0746075969 0.2007083720 0.1520832786 0.2773229964 -0.6556427825 0.3026613186 0.6337354524
8.120000000 -0.0574967734 0.1743417457 0.1277518958 0.2647178427 -0.6536171355 0.3022616504 0.6413633904
8.140000000 -0.0408390199 0.1473753450 0.1027976399 0.2522293585 -0.6514921088 0.3002106843 0.6494704981
8.160000000 -0.0244458236 0.1198381080 0.0772639558 0.2402328530 -0.6487314160 0.2952529159 0.6589851606
8.180000000 -0.0083166083 0.0917670602 0.0512233725 0.2285668595 -0.6451807153 0.2876533521 0.6698914721
8.200000000 0.0073612657 0.0632073145 0.0247775040 0.2165561661 -0.6410932971 0.2792168326 0.6812787768
8.220000000 0.0223821727 0.0342620219 -0.0019598515 0.2039280482 -0.6366710951 0.2714878390 0.6923565708
8.240000000 0.0365001088 0.0052650805 -0.0288312183 0.1920984593 -0.6316496910 0.2646794325 0.7028951898
8.260000000 0.0494695190 -0.0234062023 -0.0556730933 0.1828454144 -0.6256871004 0.2586809707 0.7128585850
8.280000000 0.0612873374 -0.0517028961 -0.0824344918 0.1760758519 -0.6185953633 0.2537021717 0.7224764902
8.300000000 0.0721929867 -0.0799044472 -0.1091769483 0.1698228103 -0.6102865762 0.2502491015 0.7321788683
8.320000000 0.0823648585 -0.1082351048 -0.1358746240 0.1626556580 -0.6007636114 0.2486047341 0.7421737710
8.340000000 0.0916950453 -0.1366412200 -0.1621326196 0.1556070231 -0.5905263780 0.2482527963 0.7519545201
8.360000000 0.1000200363 -0.1650171277 -0.1874754157 0.1502552637 -0.5802440358 0.2484674195 0.7609232262
8.380000000 0.1075436632 -0.1936586989 -0.2116953210 0.1460623085 -0.5706820695 0.2481051932 0.7690458963
8.400000000 0.1148371002 -0.2232633415 -0.2348524728 0.1403118522 -0.5626694906 0.2456156530 0.7767809083
8.420000000 0.1223498072 -0.2543627496 -0.2570036134 0.1309814496 -0.5565709545 0.2397630346 0.7845930918
8.440000000 0.1299805020 -0.2867559310 -0.2781453265 0.1192692432 -0.5510204796 0.2306972710 0.7930511004
8.460000000 0.1374914174 -0.3200655169 -0.2982501057 0.1071464833 -0.5443086938 0.2188953597 0.8027032443
8.480000000 0.1446723967 -0.3540704272 -0.3170822765 0.0959240811 -0.5362683534 0.2044351477 0.8132779932
8.500000000 0.1513408936 -0.3887058705 -0.3341979963 0.0862375610 -0.5283301518 0.1869605347 0.8236966021
8.520000000 0.1573289402 -0.4238949046 -0.3492021620 0.0783724055 -0.5217351352 0.1663551577 0.8330523250
8.540000000 0.1625220797 -0.4594848036 -0.3619308297 0.0713568873 -0.5164321895 0.1435870954 0.8411829375
8.560000000 0.1668217133 -0.4952984499 -0.3722786614 0.0639059512 -0.5120727070 0.1199134813 0.8481263639
8.580000000 0.1701862973 -0.5310334710 -0.3801590837 0.0555800613 -0.5086122495 0.0966018606 0.8537520231
8.600000000 0.1726313428 -0.5662622397 -0.3855042876 0.0468137636 -0.5062786251 0.0749467136 0.8578306449
8.620000000 0.1741935540 -0.6006703932 -0.3882828883 0.0378169256 -0.5051827541 0.0560011788 0.8603627916
8.640000000 0.1749844855 -0.6344184113 -0.3886059340 0.0278332130 -0.5047578780 0.0397662746 0.8618952606
8.660000000 0.1751338853 -0.6677734394 -0.3866131697 0.0159116667 -0.5042203864 0.0259647974 0.8630379192
8.680000000 0.1747595634 -0.7007255925 -0.3822853723 0.0022879156 -0.5034052439 0.0141339920 0.8639318006
8.700000000 0.1739673919 -0.7329879548 -0.3754443509 -0.0115994642 -0.5028203193 0.0036260456 0.8643055193
8.720000000 0.1728397990 -0.7643326188 -0.3659313945 -0.0246323520 -0.5029336433 -0.0062445427 0.8639513895
8.740000000 0.1713675136 -0.7948158880 -0.3536933574 -0.0371967640 -0.5039682470 -0.0162815218 0.8627672449
8.760000000 0.1695214549 -0.8245500765 -0.3387055627 -0.0500237728 -0.5060675815 -0.0272743768 0.8606098614
8.780000000 0.1673441908 -0.8533015277 -0.3209911026 -0.0629552830 -0.5094839725 -0.0392957004 0.8572739131
8.800000000 0.1649499377 -0.8804906142 -0.3006208390 -0.0749629654 -0.5146325590 -0.0516828704 0.8525624693
8.820000000 0.1624415560 -0.9056264202 -0.2776994980 -0.0854127209 -0.5218205636 -0.0637424555 0.8463715885
8.840000000 0.1598640223 -0.9286330459 -0.2524589552 -0.0953422228 -0.5307416999 -0.0748635919 0.8388197370
8.860000000 0.1572475512 -0.9495341926 -0.2251686165 -0.1061859443 -0.5409026265 -0.0844682583 0.8300686762
8.880000000 0.1546156555 -0.9682580424 -0.1962299656 -0.1182960052 -0.5517306663 -0.0924138776 0.8204017322
8.900000000 0.1519851471 -0.9846372579 -0.1661765640 -0.1309323959 -0.5625845932 -0.0990293678 0.8102767845
8.920000000 0.1493968815 -0.9985486747 -0.1354713237 -0.1433375216 -0.5729490585 -0.1045995587 0.8001516503
8.940000000 0.1469890549 -1.0100624304 -0.1042715882 -0.1547648451 -0.5827964383 -0.1091021240 0.7902486196
8.960000000 0.1449175344 -1.0192963214 -0.0726581877 -0.1645005937 -0.5922344963 -0.1124547617 0.7807379731
8.980000000 0.1431849157 -1.0263528084 -0.0407091755 -0.1722826536 -0.6014209389 -0.1151535551 0.7715900467
9.000000000 0.1416405234 -1.0313190163 -0.0084998273 -0.1782752658 -0.6105524307 -0.1182523372 0.7625352738
9.020000000 0.1401507150 -1.0342490337 0.0238927441 -0.1828068746 -0.6198336596 -0.1223456204 0.7532724807
9.040000000 0.1386766370 -1.0350674711 0.0563835947 -0.1868149001 -0.6295642305 -0.1261800532 0.7435238173
9.060000000 0.1372031403 -1.0336709403 0.0888787269 -0.1913689630 -0.6400356966 -0.1281045602 0.7330221339
9.080000000 0.1357152447 -1.0300565713 0.1211209457 -0.1967058694 -0.6511179740 -0.1279101426 0.7217971878
9.100000000 0.1341981394 -1.0243220125 0.1526898583 -0.2022439346 -0.6622782400 -0.1268466217 0.7102076164
9.120000000 0.1326602734 -1.0165567699 0.1831882425 -0.2074914603 -0.6730625760 -0.1258912751 0.6986311255
9.140000000 0.1312031075 -1.0068002967 0.2123399394 -0.2123487161 -0.6833300255 -0.1246352336 0.6873384593
9.160000000 0.1299509873 -0.9950824142 0.2399000518 -0.2168010986 -0.6930202551 -0.1223541972 0.6765719918
9.180000000 0.1290197949 -0.9814991986 0.2656465788 -0.2203975069 -0.7021373374 -0.1190909726 0.6665173956
9.200000000 0.1285169487 -0.9662129813 0.2893804157 -0.2222540583 -0.7107521179 -0.1156385262 0.6573144542
9.220000000 0.1285285825 -0.9493546189 0.3108972606 -0.2216454754 -0.7188711228 -0.1126310644 0.6491624107
9.240000000 0.1290571624 -0.9309175458 0.3299680408 -0.2185035590 -0.7262220392 -0.1099517506 0.6424705106
9.260000000 0.1300823436 -0.9108641750 0.3463670013 -0.2129380269 -0.7324763614 -0.1072698825 0.6376746420
9.280000000 0.1315402139 -0.8892336073 0.3600871293 -0.2053747399 -0.7377233365 -0.1042538576 0.6345995810
9.300000000 0.1333232935 -0.8661416310 0.3713401543 -0.1965597199 -0.7424684883 -0.1005879509 0.6324451633
9.320000000 0.1353163798 -0.8416685429 0.3803049702 -0.1871019986 -0.7471458664 -0.0959813635 0.6305184171
9.340000000 0.1373809548 -0.8157393380 0.3869910869 -0.1769925790 -0.7518548477 -0.0903138976 0.6286742518
9.360000000 0.1393744364 -0.7882511239 0.3913648854 -0.1660871831 -0.7565990747 -0.0835253652 0.6268942503
9.380000000 0.1411948366 -0.7593525829 0.3933747427 -0.1546496719 -0.7612139260 -0.0759524223 0.6251944237
9.400000000 0.1427807611 -0.7294439722 0.3929510313 -0.1433574557 -0.7653963879 -0.0683312953 0.6236568314
9.420000000 0.1440942356 -0.6988661056 0.3900336602 -0.1327119538 -0.7689176764 -0.0612992683 0.6224110731
9.440000000 0.1451839068 -0.6676782720 0.3846038141 -0.1223967833 -0.7717085958 -0.0550206608 0.6216571382
9.460000000 0.1461167557 -0.6358685884 0.3766533670 -0.1119104476 -0.7737145072 -0.0495105452 0.6216032649
9.480000000 0.1468833939 -0.6034069828 0.3661827069 -0.1012186996 -0.7748181392 -0.0442747941 0.6224559170
9.500000000 0.1473980627 -0.5702451942 0.3532007356 -0.0907597650 -0.7748565787 -0.0383008350 0.6244141202
9.520000000 0.1475653741 -0.5363582944 0.3377229487 -0.0807720885 -0.7737068254 -0.0308999236 0.6276135855
9.540000000 0.1472647019 -0.5018178496 0.3197897361 -0.0706051885 -0.7714360985 -0.0228136056 0.6319658161
9.560000000 0.1463690979 -0.4667209656 0.2994518093 -0.0594287966 -0.7681501451 -0.0151069774 0.6373267231
9.580000000 0.1447513087 -0.4311973288 0.2768541339 -0.0471517507 -0.7639106755 -0.0081910686 0.6435449469
9.600000000 0.1422837767 -0.3954092054 0.2522359296 -0.0344237547 -0.7587374381 -0.0018259069 0.6504837978
9.620000000 0.1388321025 -0.3594975368 0.2258661616 -0.0217725335 -0.7527388297 0.0041754779 0.6579458765
9.640000000 0.1342345750 -0.3235122981 0.1981163850 -0.0090614150 -0.7463595746 0.0096423212 0.6654113779
9.660000000 0.1283298421 -0.2874865756 0.1693745945 0.0039666826 -0.7401123815 0.0143223648 0.6723189705
9.680000000 0.1211218640 -0.2515880675 0.1398170080 0.0165827231 -0.7339999551 0.0182913670 0.6787006005
9.700000000 0.1127799126 -0.2161190844 0.1094080658 0.0270762160 -0.7275340281 0.0219736115 0.6851848487
9.720000000 0.1034389441 -0.1812502798 0.0781385789 0.0343517221 -0.7202511721 0.0258599179 0.6923795729
9.740000000 0.0930679013 -0.1466022689 0.0461416706 0.0399537888 -0.7117824439 0.0306341073 0.7005933191
9.760000000 0.0815949294 -0.1116747458 0.0135874195 0.0460255450 -0.7017407306 0.0370233548 0.7099794838
9.780000000 0.0689644048 -0.0763489332 -0.0193224260 0.0532006039 -0.6901063756 0.0455453291 0.7203113973
9.800000000 0.0551369354 -0.0408875833 -0.0523544475 0.0606329913 -0.6772910464 0.0564887076 0.7310331762
9.820000000 0.0400657146 -0.0055212154 -0.0852849763 0.0677811012 -0.6635866374 0.0699032578 0.7417358233
9.840000000 0.0236714539 0.0297149334 -0.1179348517 0.0754927665 -0.6485983577 0.0849212115 0.7526017542
9.860000000 0.0058671630 0.0648296235 -0.1501269556 0.0848953489 -0.6317711469 0.1004702133 0.7639134335
9.880000000 -0.0134245293 0.0997206875 -0.1814752401 0.0958613622 -0.6134688596 0.1164569053 0.7751802027
9.900000000 -0.0342713747 0.1341750293 -0.2113847269 0.1070495657 -0.5950513775 0.1337676895 0.7852136358
9.920000000 -0.0566913044 0.1680078384 -0.2393032328 0.1173823852 -0.5777204642 0.1529127507 0.7931444582
9.940000000 -0.0805046397 0.2011667376 -0.2648860894 0.1269942645 -0.5616121795 0.1727521824 0.7991375977
9.960000000 -0.1054827638 0.2336317576 -0.2878441693 0.1363460919 -0.5466260161 0.1917831181 0.8036348532
9.980000000 -0.1314077396 0.2653668155 -0.3079725770 0.1455812552 -0.5328069747 0.2096014637 0.8068395455
10.000000000 -0.1580723099 0.2963197153 -0.3251506481 0.1544833983 -0.5202905329 0.2268840223 0.8086756342
10.020000000 -0.1852883338 0.3264454669 -0.3392841065 0.1629750548 -0.5090828967 0.2441146776 0.8091240696
10.040000000 -0.2129422788 0.3557307073 -0.3503695787 0.1715581814 -0.4987552536 0.2608826548 0.8085488407
10.060000000 -0.2409391402 0.3841697339 -0.3584235516 0.1808649762 -0.4887793824 0.2765853052 0.8073928069
10.080000000 -0.2691810570 0.4117511762 -0.3633966057 0.1910900128 -0.4791333853 0.2914992827 0.8055705893
10.100000000 -0.2975673112 0.4384579957 -0.3651734148 0.2019890118 -0.4702903755 0.3067631515 0.8024486094
10.120000000 -0.3259803832 0.4642586008 -0.3636543791 0.2133917007 -0.4626645549 0.3231883141 0.7974677456
10.140000000 -0.3542360423 0.4890641727 -0.3588142654 0.2255304711 -0.4564720890 0.3402201510 0.7905817399
10.160000000 -0.3821337102 0.5127701632 -0.3506536951 0.2387543571 -0.4518751769 0.3569656193 0.7819083886
10.180000000 -0.4094804037 0.5352393128 -0.3393403460 0.2528504422 -0.4488693390 0.3729509010 0.7716803715
10.200000000 -0.4360907343 0.5563016496 -0.3252089516 0.2670371320 -0.4472801246 0.3881271296 0.7602558724
10.220000000 -0.4617896940 0.5758274882 -0.3085833432 0.2806586128 -0.4469456560 0.4024204510 0.7480161123
10.240000000 -0.4864424746 0.5938539760 -0.2897146907 0.2935143449 -0.4477815142 0.4156162487 0.7352578994
10.260000000 -0.5099271553 0.6104573836 -0.2688347977 0.3055538425 -0.4497171848 0.4274670039 0.7222626002
10.280000000 -0.5321870810 0.6256545271 -0.2461478547 0.3170658962 -0.4524350450 0.4379384416 0.7092120056
10.300000000 -0.5532308620 0.6394027679 -0.2218304392 0.3286523067 -0.4553417449 0.4472178356 0.6961664773
10.320000000 -0.5730501581 0.6516687068 -0.1960491477 0.3407740214 -0.4580106245 0.4554158179 0.6831513500
10.340000000 -0.5915574757 0.6624662421 -0.1689354572 0.3532559590 -0.4608021196 0.4623680950 0.6701398203
10.360000000 -0.6086462647 0.6718218934 -0.1406115696 0.3657802632 -0.4642506331 0.4678514627 0.6571081780
10.380000000 -0.6242267948 0.6797805108 -0.1111883075 0.3780968232 -0.4685940831 0.4718092346 0.6440950425
10.400000000 -0.6382261560 0.6864052751 -0.0807651141 0.3900324194 -0.4737778308 0.4743346327 0.6312019765
10.420000000 -0.6505851017 0.6917460533 -0.0494640378 0.4014210844 -0.4797304124 0.4755006000 0.6185620614
10.440000000 -0.6612961133 0.6957962706 -0.0174995264 0.4120499596 -0.4864075619 0.4753026561 0.6063908803
10.460000000 -0.6703646177 0.6985352663 0.0148940449 0.4217258617 -0.4937672094 0.4737153844 0.5949243439
10.480000000 -0.6777963607 0.6999429477 0.0475552648 0.4305697149 -0.5017578525 0.4708096738 0.5841121717
10.500000000 -0.6835974061 0.6999997904 0.0803956855 0.4389997880 -0.5103073779 0.4667454195 0.5735976635
10.520000000 -0.6877785211 0.6987028155 0.1132919204 0.4473615681 -0.5192499436 0.4616525217 0.5631377031
10.540000000 -0.6903692316 0.6961151276 0.1459681364 0.4556596469 -0.5281402771 0.4556211944 0.5530383903
10.560000000 -0.6914030533 0.6923159418 0.1781155617 0.4638281913 -0.5364908261 0.4487550931 0.5437461438
10.580000000 -0.6908974034 0.6873750266 0.2095444015 0.4716079455 -0.5442502247 0.4412495014 0.5354218114
10.600000000 -0.6888536009 0.6813527046 0.2401838380 0.4785334269 -0.5517939191 0.4333766168 0.5279336494
10.620000000 -0.6853028779 0.6743014950 0.2699413159 0.4842893838 -0.5594074366 0.4254022348 0.5211142402
10.640000000 -0.6803989200 0.6662443469 0.2986166393 0.4891542709 -0.5669766006 0.4175494537 0.5147019403
10.660000000 -0.6743187766 0.6571994243 0.3259834953 0.4935285121 -0.5742994756 0.4100164955 0.5084252094
10.680000000 -0.6670727570 0.6472448672 0.3518338138 0.4972940181 -0.5814857902 0.4028003931 0.5023193990
10.700000000 -0.6585044309 0.6365187913 0.3759777670 0.4998147387 -0.5889571868 0.3956933913 0.4967307109
10.720000000 -0.6484937347 0.6251479890 0.3982284725 0.5005860121 -0.5969344497 0.3885413733 0.4920553917
10.740000000 -0.6370950705 0.6132035285 0.4184076550 0.4997425298 -0.6047966787 0.3814633193 0.4888395619
10.760000000 -0.6244054814 0.6007392747 0.4363463847 0.4976003244 -0.6117516565 0.3746325079 0.4876518348
10.780000000 -0.6104995793 0.5877338271 0.4520411831 0.4944442130 -0.6177635887 0.3680302539 0.4883101484
10.800000000 -0.5954295453 0.5740905203 0.4656540233 0.4905071400 -0.6235372937 0.3614458339 0.4898580387
10.820000000 -0.5792361993 0.5597048938 0.4773357061 0.4860202757 -0.6296702448 0.3545674084 0.4915095394
10.840000000 -0.5619188171 0.5444543970 0.4871635708 0.4812132441 -0.6362652432 0.3467691457 0.4933067134
10.860000000 -0.5434718378 0.5282155739 0.4951913256 0.4762955993 -0.6432899470 0.3373854486 0.4954710942
10.880000000 -0.5240173304 0.5109481588 0.5013515737 0.4711804887 -0.6506084781 0.3267415243 0.4979332602
10.900000000 -0.5038049934 0.4926950766 0.5054558132 0.4655057001 -0.6580076705 0.3161696925 0.5003669397
10.920000000 -0.4830772172 0.4735178403 0.5073390248 0.4590885640 -0.6652994565 0.3067502034 0.5025123245
10.940000000 -0.4620249617 0.4535378467 0.5069511809 0.4524156492 -0.6722886263 0.2983221057 0.5043332277
10.960000000 -0.4408216887 0.4328928476 0.5042708097 0.4461131453 -0.6787719601 0.2904326851 0.5058661317
10.980000000 -0.4195341318 0.4117524273 0.4992720200 0.4402586120 -0.6844762821 0.2830635072 0.5074836201
11.000000000 -0.3981222960 0.3903180027 0.4919245013 0.4343918980 -0.6890573318 0.2766199152 0.5098873356
11.020000000 -0.3765178001 0.3687240440 0.4821765025 0.4280115370 -0.6922754155 0.2713804727 0.5137251330
11.040000000 -0.3545572798 0.3468317003 0.4698912793 0.4205378046 -0.6943190001 0.2670497771 0.5193779910
11.060000000 -0.3320630733 0.3244385336 0.4549183234 0.4113875907 -0.6954393348 0.2631726758 0.5271285655
11.080000000 -0.3090748307 0.3014512023 0.4372792670 0.4005593212 -0.6957065310 0.2594081139 0.5368911280
11.100000000 -0.2858495144 0.2778854613 0.4171678831 0.3886484595 -0.6950503261 0.2555411777 0.5482299934
11.120000000 -0.2626546911 0.2537571009 0.3947968258 0.3762093746 -0.6934928294 0.2515074635 0.5606052068
11.140000000 -0.2397625519 0.2290630808 0.3704243363 0.3634698288 -0.6914063507 0.2478509415 0.5730766550
11.160000000 -0.2174355698 0.2037936926 0.3443160869 0.3505786940 -0.6892718124 0.2452536447 0.5846790553
11.180000000 -0.1956861105 0.1778941445 0.3166465307 0.3371476737 -0.6874054424 0.2436489777 0.5953489561
11.200000000 -0.1742764327 0.1512645612 0.2874989019 0.3222083975 -0.6858887591 0.2422189524 0.6058616491
11.220000000 -0.1530784138 0.1238601658 0.2569543486 0.3052267969 -0.6845487539 0.2403896818 0.6168001353
11.240000000 -0.1324459027 0.0958644165 0.2251015397 0.2876203752 -0.6825266334 0.2387150525 0.6280501877
11.260000000 -0.1128351752 0.0675089445 0.1920344386 0.2712807247 -0.6789003935 0.2379943710 0.6394213818
11.280000000 -0.0942869883 0.0388210160 0.1579255478 0.2567098511 -0.6734494585 0.2381042908 0.6510547027
11.300000000 -0.0764265797 0.0096235314 0.1230259086 0.2429764266 -0.6665768367 0.2379444296 0.6633402033
11.320000000 -0.0590040692 -0.0201943847 0.0875705399 0.2293464757 -0.6585639262 0.2366850482 0.6765160287
11.340000000 -0.0423413670 -0.0504431703 0.0517167135 0.2161740236 -0.6492799879 0.2349215825 0.6903014841
11.360000000 -0.0268906608 -0.0808663202 0.0156049358 0.2040796276 -0.6385426395 0.2335653312 0.7043167180
11.380000000 -0.0128127123 -0.1113951596 -0.0205628433 0.1931920735 -0.6266084848 0.2328470452 0.7182067133
11.400000000 0.0000231421 -0.1421488434 -0.0565232295 0.1831532426 -0.6141540185 0.2323232568 0.7316390063
11.420000000 0.0117201258 -0.1732527193 -0.0920236827 0.1735343037 -0.6017423224 0.2316462284 0.7444004619
11.440000000 0.0222210197 -0.2048242397 -0.1268657638 0.1636491795 -0.5893450395 0.2310448800 0.7566436638
11.460000000 0.0314337260 -0.2369765059 -0.1608606618 0.1527791355 -0.5767663627 0.2308591722 0.7685721445
11.480000000 0.0393864896 -0.2697679330 -0.1937299384 0.1410282979 -0.5640806673 0.2305545067 0.7802362715
11.500000000 0.0462278980 -0.3032022498 -0.2251055275 0.1293062045 -0.5516926685 0.2287354842 0.7915776546
11.520000000 0.0520881136 -0.3372604586 -0.2546617065 0.1183684301 -0.5398969466 0.2243531178 0.8025994520
11.540000000 0.0570026680 -0.3718421645 -0.2822577142 0.1082027985 -0.5283773144 0.2178015826 0.8134322581
11.560000000 0.0609868180 -0.4068282979 -0.3077945156 0.0985748398 -0.5166923247 0.2097987119 0.8241944813
11.580000000 0.0641336216 -0.4421382951 -0.3310692468 0.0890833379 -0.5050578574 0.2005848221 0.8347133932
11.600000000 0.0666139384 -0.4777300994 -0.3517752149 0.0791649153 -0.4943436582 0.1899554772 0.8445556112
11.620000000 0.0685628180 -0.5135623087 -0.3696463491 0.0683858453 -0.4852258615 0.1778213511 0.8533808099
11.640000000 0.0699585401 -0.5495894449 -0.3845971244 0.0569167463 -0.4774336270 0.1646114745 0.8612320699
11.660000000 0.0707429225 -0.5857625350 -0.3965838959 0.0450681122 -0.4704826118 0.1508755672 0.8682462441
11.680000000 0.0709205810 -0.6219756678 -0.4054881197 0.0332636800 -0.4644092615 0.1365598527 0.8743963472
11.700000000 0.0705589298 -0.6580659936 -0.4111163536 0.0220378227 -0.4597845547 0.1209952735 0.8794729339
11.720000000 0.0697238551 -0.6938676869 -0.4133405303 0.0117371821 -0.4570382966 0.1038028602 0.8832911186
11.740000000 0.0684642099 -0.7292129204 -0.4123071096 0.0020038535 -0.4559344492 0.0858379015 0.8858620758
11.760000000 0.0668241296 -0.7639356844 -0.4082298356 -0.0077078883 -0.4560913674 0.0682534074 0.8872782683
11.780000000 0.0648371770 -0.7979232835 -0.4012914705 -0.0176489091 -0.4572245877 0.0516171690 0.8876766642
11.800000000 0.0625263432 -0.8311163367 -0.3916437947 -0.0277535640 -0.4591034979 0.0359008257 0.8872231110
11.820000000 0.0599058702 -0.8634667502 -0.3794502669 -0.0380617476 -0.4615983617 0.0211005131 0.8860208938
11.840000000 0.0569568430 -0.8949623057 -0.3649264482 -0.0490356030 -0.4650056384 0.0073878044 0.8839178051
11.860000000 0.0536532258 -0.9255972773 -0.3483036579 -0.0612274608 -0.4696727413 -0.0050307858 0.8807005197
11.880000000 0.0499958554 -0.9553089705 -0.3298760610 -0.0744539510 -0.4753526784 -0.0163230243 0.8764873069
11.900000000 0.0460124419 -0.9839777225 -0.3100006683 -0.0877862544 -0.4812368257 -0.0270370190 0.8717646992
11.920000000 0.0417239562 -1.0115023779 -0.2889917096 -0.1004695104 -0.4866977672 -0.0376769234 0.8669553681
11.940000000 0.0371197409 -1.0378657181 -0.2669813611 -0.1124993473 -0.4919173855 -0.0485279935 0.8619780836
11.960000000 0.0321851273 -1.0630667691 -0.2440547379 -0.1240378029 -0.4972735712 -0.0598042100 0.8565962148
11.980000000 0.0269950472 -1.0869955444 -0.2202613662 -0.1349109877 -0.5031061405 -0.0714190753 0.8506365572
12.000000000 0.0217140329 -1.1094330450 -0.1956151834 -0.1446292997 -0.5097377929 -0.0829688197 0.8440177268
12.020000000 0.0164909157 -1.1301940882 -0.1701596222 -0.1528993737 -0.5173499259 -0.0940214088 0.8367381970
12.040000000 0.0113961380 -1.1492477133 -0.1440622883 -0.1602396281 -0.5254894244 -0.1041301562 0.8290603338
12.060000000 0.0064825951 -1.1666004331 -0.1175177510 -0.1673706288 -0.5335695165 -0.1128595951 0.8213119721
12.080000000 0.0018503328 -1.1822338550 -0.0906267614 -0.1746488181 -0.5415201933 -0.1201409809 0.8135230883
12.100000000 -0.0023534533 -1.1961046822 -0.0633962524 -0.1820576586 -0.5497575517 -0.1262820908 0.8054033008
12.120000000 -0.0060063316 -1.2081523890 -0.0358713209 -0.1895185642 -0.5585349396 -0.1315230158 0.7967578875
12.140000000 -0.0090931279 -1.2182518660 -0.0082660373 -0.1967538824 -0.5674736989 -0.1357755304 0.7879254509
12.160000000 -0.0116240276 -1.2262689914 0.0191681968 -0.2034671711 -0.5760712352 -0.1388774009 0.7793947073
12.180000000 -0.0135757661 -1.2322337182 0.0462929659 -0.2097091114 -0.5841907182 -0.1408068801 0.7713084440
12.200000000 -0.0148916284 -1.2363400737 0.0730828405 -0.2158656108 -0.5920355483 -0.1416824563 0.7634278153
12.220000000 -0.0155298468 -1.2387487956 0.0994904269 -0.2222304966 -0.5997138847 -0.1416371850 0.7555764493
12.240000000 -0.0155142611 -1.2394589286 0.1253608241 -0.2286601101 -0.6069715340 -0.1408561429 0.7479703590
12.260000000 -0.0148856847 -1.2384330894 0.1505147955 -0.2349100156 -0.6134859299 -0.1395513217 0.7409303118
12.280000000 -0.0136980887 -1.2357257911 0.1748315428 -0.2407286955 -0.6192077502 -0.1380945863 0.7345483935
12.300000000 -0.0120186017 -1.2314834431 0.1982487065 -0.2458439247 -0.6243578397 -0.1370101683 0.7286743213
12.320000000 -0.0098883132 -1.2258096274 0.2207143887 -0.2500088152 -0.6291403254 -0.1366543942 0.7231898920
12.340000000 -0.0072418685 -1.2186206343 0.2422083755 -0.2530789329 -0.6336555879 -0.1366783385 0.7181578388
12.360000000 -0.0039920574 -1.2097843620 0.2627162251 -0.2549371072 -0.6379903539 -0.1365487377 0.7136734701
12.380000000 -0.0001610504 -1.1991326133 0.2821740587 -0.2555250013 -0.6425050392 -0.1356768853 0.7095674958
12.400000000 0.0041196013 -1.1864610959 0.3004685613 -0.2548494140 -0.6478194486 -0.1334143935 0.7053951643
12.420000000 0.0087209575 -1.1716344133 0.3174703108 -0.2529558641 -0.6544604976 -0.1293123970 0.7006947209
12.440000000 0.0135435442 -1.1547990306 0.3329940532 -0.2500421373 -0.6626100342 -0.1237671913 0.6950601086
12.460000000 0.0184965796 -1.1361688039 0.3468370386 -0.2463269459 -0.6723312450 -0.1173747736 0.6881256391
12.480000000 0.0235197669 -1.1158868773 0.3587151369 -0.2417426486 -0.6831090800 -0.1104713945 0.6802341859
12.500000000 0.0285832942 -1.0940256826 0.3682628378 -0.2359511394 -0.6938802099 -0.1031250565 0.6724749341
12.520000000 0.0336566777 -1.0706939019 0.3751868282 -0.2287615553 -0.7037694932 -0.0954425142 0.6657832814
12.540000000 0.0387014443 -1.0461575151 0.3794967371 -0.2205667109 -0.7126063680 -0.0877274450 0.6601866295
12.560000000 0.0436766771 -1.0207131717 0.3812728176 -0.2118879089 -0.7203932202 -0.0803140107 0.6555049824
12.580000000 0.0485311998 -0.9944584611 0.3804777579 -0.2026427788 -0.7270498182 -0.0734322696 0.6518758838
12.600000000 0.0532035764 -0.9672919128 0.3769566821 -0.1921368298 -0.7323923013 -0.0672025586 0.6497451590
12.620000000 0.0576388764 -0.9391273833 0.3706270079 -0.1798101141 -0.7363028251 -0.0616744418 0.6494018293
12.640000000 0.0618099739 -0.9099746572 0.3617157752 -0.1657463516 -0.7390310521 -0.0566950798 0.6504974395
12.660000000 0.0656948223 -0.8798665125 0.3505205895 -0.1501978740 -0.7408894605 -0.0520410639 0.6525451200
12.680000000 0.0692283130 -0.8488129844 0.3371817422 -0.1334952596 -0.7417978489 -0.0473740576 0.6554926893
12.700000000 0.0723022755 -0.8168013654 0.3216822110 -0.1160475969 -0.7413033939 -0.0422369695 0.6597107486
12.720000000 0.0747794086 -0.7838204069 0.3040356918 -0.0983354541 -0.7390933886 -0.0362436981 0.6654002523
12.740000000 0.0764133782 -0.7498686512 0.2844061143 -0.0810873469 -0.7355027365 -0.0293764199 0.6720101136
12.760000000 0.0769353009 -0.7149504708 0.2629947558 -0.0650830900 -0.7310781247 -0.0216919266 0.6788360828
12.780000000 0.0761846052 -0.6791480434 0.2399980527 -0.0507455707 -0.7262516812 -0.0132260409 0.6854257469
12.800000000 0.0741090310 -0.6426213514 0.2156075999 -0.0381229298 -0.7213146751 -0.0040147610 0.6915458505
12.820000000 0.0706794196 -0.6055461490 0.1899868983 -0.0272026680 -0.7164459580 0.0057636690 0.6970882184
12.840000000 0.0659401787 -0.5681477467 0.1631879143 -0.0178297908 -0.7113381067 0.0153249327 0.7024566484
12.860000000 0.0599524699 -0.5306541870 0.1352375630 -0.0098180280 -0.7055765990 0.0237883847 0.7081662108
12.880000000 0.0527397862 -0.4930713984 0.1062279042 -0.0028781069 -0.6990539122 0.0313141759 0.7143771880
12.900000000 0.0442879522 -0.4551831957 0.0763161424 0.0033825041 -0.6919453938 0.0391014425 0.7208822427
12.920000000 0.0345902452 -0.4168193959 0.0456514120 0.0093911626 -0.6842439143 0.0480616683 0.7276071384
12.940000000 0.0236763063 -0.3780324527 0.0143392371 0.0157154831 -0.6752395592 0.0577363116 0.7351673820
12.960000000 0.0115801747 -0.3389269153 -0.0175179291 0.0229280046 -0.6640599500 0.0673587404 0.7442858923
12.980000000 -0.0017720325 -0.2995253636 -0.0496375068 0.0313107745 -0.6507624877 0.0769668337 0.7547210918
13.000000000 -0.0165621209 -0.2597684084 -0.0815567894 0.0408724665 -0.6363783642 0.0873875762 0.7653204757
13.020000000 -0.0329517697 -0.2196315579 -0.1128333702 0.0514537249 -0.6218939677 0.0992605787 0.7750791860
13.040000000 -0.0510033837 -0.1792441662 -0.1431373688 0.0623334947 -0.6078482552 0.1123453008 0.7835901783
13.060000000 -0.0707483260 -0.1387741666 -0.1721706404 0.0727040360 -0.5946956209 0.1261813769 0.7906513149
13.080000000 -0.0920748166 -0.0983922049 -0.1997179311 0.0821730026 -0.5824351638 0.1404208353 0.7964288209
13.100000000 -0.1147279332 -0.0582716393 -0.2256468778 0.0907361536 -0.5705706530 0.1548433103 0.8013985461
13.120000000 -0.1384867269 -0.0185196494 -0.2498070969 0.0986078068 -0.5586984526 0.1693142596 0.8058940508
13.140000000 -0.1632910370 0.0210217716 -0.2719617068 0.1067471101 -0.5468774221 0.1840181169 0.8097329636
13.160000000 -0.1891213480 0.0605652599 -0.2918579301 0.1162651870 -0.5352428645 0.1991959896 0.8125998031
13.180000000 -0.2159684498 0.1000551033 -0.3093747527 0.1273588050 -0.5236383387 0.2150177093 0.8144630192
13.200000000 -0.2438334375 0.1391672415 -0.3245229241 0.1393124678 -0.5116280756 0.2315820089 0.8155970339
13.220000000 -0.2726697788 0.1775856598 -0.3372478612 0.1514054154 -0.4990308342 0.2488374495 0.8161645364
13.240000000 -0.3022386388 0.2150731956 -0.3472107359 0.1630349745 -0.4867898397 0.2662192720 0.8158324266
13.260000000 -0.3322616161 0.2514198110 -0.3540096768 0.1737093798 -0.4761608001 0.2830833151 0.8142234217
13.280000000 -0.3626560245 0.2865859329 -0.3574272291 0.1839582512 -0.4677219246 0.2994316317 0.8110094087
13.300000000 -0.3935348925 0.3207024528 -0.3574303541 0.1953370195 -0.4612744538 0.3158404761 0.8058002983
13.320000000 -0.4249298297 0.3538225626 -0.3540795004 0.2089481419 -0.4564721199 0.3326404971 0.7983258592
13.340000000 -0.4565127319 0.3856590093 -0.3477769934 0.2238669426 -0.4527642600 0.3493116902 0.7892207929
13.360000000 -0.4878713429 0.4158480925 -0.3390066542 0.2387255908 -0.4496005746 0.3651689319 0.7794363777
13.380000000 -0.5187262595 0.4442253865 -0.3281609185 0.2528019147 -0.4466200837 0.3799674522 0.7695754856
13.400000000 -0.5489309320 0.4708257400 -0.3155408366 0.2659659518 -0.4436315313 0.3938984991 0.7598007300
13.420000000 -0.5783483273 0.4956793871 -0.3013809784 0.2782015542 -0.4405211136 0.4071346142 0.7501909422
13.440000000 -0.6068563752 0.5187634464 -0.2856658863 0.2898348023 -0.4374647875 0.4197059368 0.7405857639
13.460000000 -0.6343379066 0.5400444441 -0.2683196895 0.3012719590 -0.4347018760 0.4315897119 0.7307529037
13.480000000 -0.6607024388 0.5595506930 -0.2493146659 0.3128416266 -0.4325240603 0.4425995918 0.7205266513
13.500000000 -0.6858861753 0.5773722925 -0.2286712428 0.3248154519 -0.4312625340 0.4523804972 0.7098305676
13.520000000 -0.7098311899 0.5936066849 -0.2064620426 0.3373365568 -0.4311609468 0.4607632379 0.6985710587
13.540000000 -0.7324983965 0.6083699391 -0.1829600933 0.3500093548 -0.4321593585 0.4683749599 0.6865541766
13.560000000 -0.7538488755 0.6217810560 -0.1584852766 0.3623112168 -0.4341221680 0.4759838778 0.6735784093
13.580000000 -0.7737392140 0.6339193644 -0.1332827649 0.3737949710 -0.4369678483 0.4834851367 0.6599837436
13.600000000 -0.7919215051 0.6448245212 -0.1075230217 0.3841135920 -0.4407053139 0.4899285474 0.6466881731
13.620000000 -0.8082013774 0.6545478668 -0.0813499086 0.3930993464 -0.4453688712 0.4945864113 0.6344318357
13.640000000 -0.8226167721 0.6631943748 -0.0548138726 0.4011335546 -0.4509227248 0.4976848477 0.6229529356
13.660000000 -0.8352637188 0.6708806047 -0.0279445794 0.4087199135 -0.4572697874 0.4996446243 0.6117251207
13.680000000 -0.8462384718 0.6776812065 -0.0008308652 0.4162173718 -0.4640472038 0.5006575316 0.6006374348
13.700000000 -0.8556375100 0.6836289207 0.0263792636 0.4238464086 -0.4706450077 0.5007280202 0.5900160577
13.720000000 -0.8635217282 0.6887513715 0.0535475333 0.4316916917 -0.4766281789 0.4998695572 0.5801709129
13.740000000 -0.8698096440 0.6930630082 0.0805848925 0.4392599251 -0.4822972556 0.4981325855 0.5712302537
13.760000000 -0.8743906889 0.6965737334 0.1074148568 0.4459518664 -0.4881123783 0.4955742034 0.5632756411
13.780000000 -0.8773039831 0.6992646410 0.1339669612 0.4518751339 -0.4940789766 0.4922085686 0.5562603288
13.800000000 -0.8787383353 0.7010880159 0.1601767601 0.4578377794 -0.4997432540 0.4879991430 0.5499982583
13.820000000 -0.8788405185 0.7020078916 0.1859798506 0.4644043793 -0.5048409885 0.4829257564 0.5442856443
13.840000000 -0.8775631307 0.7020403056 0.2113109546 0.4710408730 -0.5099964495 0.4770811537 0.5389041568
13.860000000 -0.8748128511 0.7012134790 0.2361026431 0.4769530252 -0.5160316844 0.4705836326 0.5336460974
13.880000000 -0.8705567393 0.6995368298 0.2602430548 0.4816348694 -0.5232841458 0.4635676155 0.5284946747
13.900000000 -0.8648222347 0.6970009729 0.2835758961 0.4848688699 -0.5316110664 0.4561694950 0.5236422872
13.920000000 -0.8576562351 0.6935995665 0.3059430559 0.4865268480 -0.5407884811 0.4485373298 0.5192819164
13.940000000 -0.8491729708 0.6893417128 0.3271868811 0.4867749708 -0.5503588327 0.4409016483 0.5155201447
13.960000000 -0.8394994933 0.6842392569 0.3471538000 0.4858608470 -0.5598283728 0.4335009868 0.5124532416
13.980000000 -0.8286705781 0.6782783393 0.3657814742 0.4839549299 -0.5690962820 0.4263063215 0.5100783939
14.000000000 -0.8166287249 0.6714193950 0.3830987983 0.4811372725 -0.5784407688 0.4190143032 0.5082717931
14.020000000 -0.8033314587 0.6636301810 0.3991238158 0.4775004952 -0.5880327195 0.4113388958 0.5069626325
14.040000000 -0.7888124547 0.6549122120 0.4138152969 0.4732343910 -0.5976061680 0.4031699270 0.5063300201
14.060000000 -0.7731266161 0.6452759280 0.4271185614 0.4685613212 -0.6068043283 0.3944452526 0.5066080715
14.080000000 -0.7563792378 0.6347429460 0.4390103945 0.4635548473 -0.6155618727 0.3852168161 0.5077484506
14.100000000 -0.7387260061 0.6233460599 0.4494990466 0.4581329220 -0.6240990328 0.3756490580 0.5094137888
14.120000000 -0.7203108091 0.6111203944 0.4585860053 0.4522498125 -0.6325970499 0.3658631882 0.5113073508
14.140000000 -0.7012215784 0.5981084525 0.4662402367 0.4460054012 -0.6410470941 0.3558159142 0.5133544979
14.160000000 -0.6815336507 0.5843545210 0.4724183654 0.4395284151 -0.6493881098 0.3454405089 0.5155392418
14.180000000 -0.6613544346 0.5699014821 0.4769801725 0.4327455510 -0.6574385266 0.3350764053 0.5179089442
14.200000000 -0.6408234104 0.5547908134 0.4796885949 0.4253914147 -0.6649013857 0.3254707917 0.5205929843
14.220000000 -0.6200433092 0.5390591584 0.4803535605 0.4172585831 -0.6715841355 0.3171314478 0.5237343492
14.240000000 -0.5989642869 0.5227240677 0.4789898035 0.4083516369 -0.6776758581 0.3095152111 0.5274511410
14.260000000 -0.5775026904 0.5057990142 0.4756599827 0.3987202429 -0.6834220969 0.3018242813 0.5318444402
14.280000000 -0.5556745575 0.4883134573 0.4703513870 0.3884393207 -0.6887388267 0.2938247427 0.5370481760
14.300000000 -0.5335956174 0.4703128435 0.4629759363 0.3776281569 -0.6932382529 0.2858498293 0.5432380463
14.320000000 -0.5113640995 0.4518262625 0.4534750660 0.3663896654 -0.6966435963 0.2781594477 0.5505212389
14.340000000 -0.4889908967 0.4328145969 0.4419213836 0.3547048957 -0.6991443793 0.2706387427 0.5586915471
14.360000000 -0.4664730071 0.4132256100 0.4284181340 0.3425435437 -0.7010228835 0.2630881694 0.5674640540
14.380000000 -0.4439900384 0.3930975087 0.4130189863 0.3302468062 -0.7021892021 0.2557240466 0.5766043561
14.400000000 -0.4219042075 0.3725589438 0.3957280336 0.3185427574 -0.7022086999 0.2491856596 0.5859521829
14.420000000 -0.4005000038 0.3516945871 0.3765905163 0.3080217913 -0.7008705138 0.2439247712 0.5953182384
14.440000000 -0.3797192490 0.3303974654 0.3558248844 0.2985674038 -0.6988025064 0.2395647764 0.6042692118
14.460000000 -0.3594228243 0.3085161700 0.3336855903 0.2898765513 -0.6968093278 0.2355260430 0.6123363690
14.480000000 -0.3395803146 0.2859792228 0.3102591854 0.2814646763 -0.6950920734 0.2314344613 0.6197279528
14.500000000 -0.3202700088 0.2627950774 0.2854643195 0.2726462092 -0.6932288255 0.2271272105 0.6273046074
14.520000000 -0.3015655662 0.2389529509 0.2592627158 0.2629874180 -0.6908330211 0.2225418343 0.6356590965
14.540000000 -0.2835032216 0.2143512146 0.2318175893 0.2531644788 -0.6879069492 0.2180136912 0.6443305102
14.560000000 -0.2661075671 0.1888679292 0.2033367857 0.2441197758 -0.6845797099 0.2139642848 0.6526679405
14.580000000 -0.2493505939 0.1624363781 0.1738960765 0.2360668950 -0.6807192563 0.2103426923 0.6607947238
14.600000000 -0.2331516924 0.1350450676 0.1434391585 0.2284699899 -0.6758809007 0.2066006424 0.6695540652
14.620000000 -0.2174716246 0.1067235903 0.1119526140 0.2209000151 -0.6696793869 0.2023078920 0.6795617845
14.640000000 -0.2024457862 0.0776562822 0.0796175353 0.2135295257 -0.6621747546 0.1976659837 0.6905489808
14.660000000 -0.1882500908 0.0480598144 0.0466649020 0.2066784239 -0.6535661819 0.1930380206 0.7020481448
14.680000000 -0.1749882214 0.0180048034 0.0133546688 0.2003214993 -0.6441075340 0.1889898275 0.7136383024
14.700000000 -0.1626916304 -0.0125841892 -0.0200242343 0.1941051924 -0.6340896403 0.1862998297 0.7249454295
14.720000000 -0.1513579709 -0.0438172057 -0.0531847504 0.1876446661 -0.6238014667 0.1853887940 0.7357256313
14.740000000 -0.1408622621 -0.0759173036 -0.0858523533 0.1804125110 -0.6134753212 0.1852403449 0.7461805215
14.760000000 -0.1310548077 -0.1091235838 -0.1177548444 0.1718868813 -0.6033024061 0.1845382128 0.7565888942
14.780000000 -0.1219226015 -0.1433943173 -0.1486015097 0.1626769442 -0.5931833865 0.1830684504 0.7669130487
14.800000000 -0.1135893279 -0.1784069453 -0.1780831199 0.1545232836 -0.5827708612 0.1817015418 0.7768431167
14.820000000 -0.1061204412 -0.2139197832 -0.2059291909 0.1486567769 -0.5718678626 0.1810501034 0.7861864731
14.840000000 -0.0993247027 -0.2500634840 -0.2320274391 0.1440573993 -0.5607835243 0.1804631645 0.7951115336
14.860000000 -0.0929497960 -0.2870610156 -0.2563037194 0.1391354858 -0.5499312393 0.1789867969 0.8038536404
14.880000000 -0.0868145948 -0.3251176363 -0.2786514188 0.1323596971 -0.5395678429 0.1761715616 0.8125952463
14.900000000 -0.0808091631 -0.3644208949 -0.2989314569 0.1222327525 -0.5297754769 0.1721369170 0.8214414039
14.920000000 -0.0748921267 -0.4050543269 -0.3169624913 0.1079895548 -0.5205976442 0.1670631055 0.8303049245
14.940000000 -0.0692839765 -0.4466884923 -0.3323997779 0.0918809134 -0.5121366687 0.1612250812 0.8386181512
14.960000000 -0.0642613509 -0.4888997306 -0.3448668316 0.0768448262 -0.5045947426 0.1549346649 0.8458571203
14.980000000 -0.0598865560 -0.5314719085 -0.3541966827 0.0640166931 -0.4979556197 0.1478469555 0.8521052409
15.000000000 -0.0560075651 -0.5743964205 -0.3604318766 0.0527058281 -0.4919137815 0.1388841632 0.8578776815
15.020000000 -0.0525060260 -0.6176113128 -0.3635973639 0.0422461349 -0.4863110388 0.1272578130 0.8634363246
15.040000000 -0.0494355584 -0.6608051471 -0.3636112766 0.0324449649 -0.4817573257 0.1135443162 0.8683115176
15.060000000 -0.0468911812 -0.7036082416 -0.3603737479 0.0231767290 -0.4790681546 0.0986829784 0.8719049330
15.080000000 -0.0449312570 -0.7457458399 -0.3539851358 0.0137597687 -0.4784729415 0.0836547328 0.8740001137
15.100000000 -0.0435774919 -0.7870381117 -0.3447460230 0.0029547003 -0.4795417736 0.0694897955 0.8747583240
15.120000000 -0.0428346148 -0.8273016716 -0.3329528884 -0.0101430242 -0.4817582578 0.0570048296 0.8743892437
15.140000000 -0.0426458211 -0.8663224062 -0.3188509735 -0.0248791718 -0.4844183018 0.0460911264 0.8732671663
15.160000000 -0.0429384982 -0.9038762992 -0.3026700063 -0.0402036570 -0.4867898834 0.0364064647 0.8718336107
15.180000000 -0.0436302787 -0.9396882512 -0.2845775215 -0.0549284489 -0.4887678417 0.0276324270 0.8702443975
15.200000000 -0.0446290396 -0.9734320799 -0.2646788600 -0.0677189829 -0.4909212118 0.0194759649 0.8683496933
15.220000000 -0.0458432661 -1.0048734958 -0.2430747953 -0.0776838267 -0.4938007956 0.0116514567 0.8660197693
15.240000000 -0.0471855714 -1.0341546646 -0.2198586470 -0.0857162359 -0.4976957400 0.0039049754 0.8630969983
15.260000000 -0.0485708897 -1.0615045847 -0.1951232051 -0.0931319984 -0.5027983882 -0.0039884460 0.8593627313
15.280000000 -0.0499437962 -1.0869847925 -0.1689919409 -0.1006222619 -0.5091374860 -0.0120078059 0.8546987735
15.300000000 -0.0512785074 -1.1104893626 -0.1416190072 -0.1082603914 -0.5165837284 -0.0198934514 0.8491320214
15.320000000 -0.0525527509 -1.1319149114 -0.1131714042 -0.1161011034 -0.5250209389 -0.0273180678 0.8426904952
15.340000000 -0.0537531435 -1.1511973468 -0.0838621856 -0.1242079200 -0.5344037458 -0.0337551889 0.8353715439
15.360000000 -0.0548693160 -1.1682872302 -0.0539174840 -0.1326569229 -0.5446800456 -0.0386490469 0.8271831961
15.380000000 -0.0559090977 -1.1832462371 -0.0235994261 -0.1413318365 -0.5554416528 -0.0419947957 0.8183803025
15.400000000 -0.0568985171 -1.1962471561 0.0067938664 -0.1499212825 -0.5659407664 -0.0443478274 0.8094862125
15.420000000 -0.0578666994 -1.2074097429 0.0369929232 -0.1580618460 -0.5756038704 -0.0461246787 0.8009801191
15.440000000 -0.0588519934 -1.2166222962 0.0668491374 -0.1651314234 -0.5845597964 -0.0470786988 0.7929722905
15.460000000 -0.0598942411 -1.2237239546 0.0962432871 -0.1704830270 -0.5931058041 -0.0468125713 0.7854741408
15.480000000 -0.0610145912 -1.2287540541 0.1250370302 -0.1742276698 -0.6014464539 -0.0454937270 0.7783554477
15.500000000 -0.0622154997 -1.2319521281 0.1530729043 -0.1772262223 -0.6096860758 -0.0438515389 0.7713305373
15.520000000 -0.0634847975 -1.2335112440 0.1801722827 -0.1801610616 -0.6177815983 -0.0424834526 0.7642532597
15.540000000 -0.0647550689 -1.2334037883 0.2060752041 -0.1828546211 -0.6251847931 -0.0414091181 0.7576235523
15.560000000 -0.0659476855 -1.2315509054 0.2305134698 -0.1849341732 -0.6312883265 -0.0405054665 0.7520862368
15.580000000 -0.0670438082 -1.2279640760 0.2534970834 -0.1863976316 -0.6365299490 -0.0396209669 0.7473390970
15.600000000 -0.0680843872 -1.2227451177 0.2753142510 -0.1876055255 -0.6423545080 -0.0385707739 0.7420897171
15.620000000 -0.0691087004 -1.2159879199 0.2961714501 -0.1887538487 -0.6498167915 -0.0373269880 0.7353344940
15.640000000 -0.0701389393 -1.2077389488 0.3158998599 -0.1893492248 -0.6583803969 -0.0365026721 0.7275642095
15.660000000 -0.0711928454 -1.1980315263 0.3342425586 -0.1887483903 -0.6671713301 -0.0368158677 0.7196534259
15.680000000 -0.0722840597 -1.1868693364 0.3510742548 -0.1868649029 -0.6759624543 -0.0379139205 0.7118418385
15.700000000 -0.0734221223 -1.1742264255 0.3664012881 -0.1841764194 -0.6851428544 -0.0383723835 0.7036944477
15.720000000 -0.0746168214 -1.1600987016 0.3801871717 -0.1809814928 -0.6949535295 -0.0371403076 0.6949143031
15.740000000 -0.0758796506 -1.1445746741 0.3922012225 -0.1767933449 -0.7049903364 -0.0348770346 0.6859419300
15.760000000 -0.0772198116 -1.1277679015 0.4021699362 -0.1709724941 -0.7147093573 -0.0326233553 0.6774176389
15.780000000 -0.0785839907 -1.1098356171 0.4099515652 -0.1636304056 -0.7236390926 -0.0306768766 0.6697988379
15.800000000 -0.0798563586 -1.0909787291 0.4155361178 -0.1556191662 -0.7313814908 -0.0285827455 0.6633602466
15.820000000 -0.0809462593 -1.0713740527 0.4189311232 -0.1476469680 -0.7376800404 -0.0259755495 0.6582961352
15.840000000 -0.0818746013 -1.0510944365 0.4201912787 -0.1397036462 -0.7427512310 -0.0230545743 0.6544249282
15.860000000 -0.0826898253 -1.0301846207 0.4193796532 -0.1315977091 -0.7469095922 -0.0201514171 0.6514614528
15.880000000 -0.0834321094 -1.0086406531 0.4164806421 -0.1230771108 -0.7503448231 -0.0175365707 0.6492512149
15.900000000 -0.0841333690 -0.9864098896 0.4113999665 -0.1138232957 -0.7531185019 -0.0154218750 0.6477800130
15.920000000 -0.0848248084 -0.9634536700 0.4040554477 -0.1037031754 -0.7552094446 -0.0138857841 0.6470792311
15.940000000 -0.0855362254 -0.9397977378 0.3944269883 -0.0933404943 -0.7563416682 -0.0125073762 0.6473626484
15.960000000 -0.0862986127 -0.9154814753 0.3825129988 -0.0835334660 -0.7562109922 -0.0107341890 0.6488850996
15.980000000 -0.0871785458 -0.8904876288 0.3683805958 -0.0746636173 -0.7549073761 -0.0081604914 0.6515163883
16.000000000 -0.0882781831 -0.8647423092 0.3521656022 -0.0666912274 -0.7529106661 -0.0045315484 0.6547192330
16.020000000 -0.0896828356 -0.8381967666 0.3339889427 -0.0595100556 -0.7505796888 0.0002640584 0.6580946849
16.040000000 -0.0914042374 -0.8109126594 0.3139000013 -0.0528257701 -0.7477078772 0.0057451387 0.6618983017
16.060000000 -0.0934405137 -0.7829766008 0.2919329700 -0.0463097115 -0.7439478753 0.0113095224 0.6665351185
16.080000000 -0.0958998463 -0.7544143210 0.2681839884 -0.0398417193 -0.7390793429 0.0168956415 0.6722268216
16.100000000 -0.0990004742 -0.7251906677 0.2428111435 -0.0335137107 -0.7330027965 0.0229877146 0.6790105275
16.120000000 -0.1029316697 -0.6952818092 0.2160017202 -0.0273601944 -0.7257236959 0.0299196390 0.6867906174
16.140000000 -0.1077476995 -0.6647197875 0.1880490200 -0.0211295805 -0.7176994155 0.0372946822 0.6950325147
16.160000000 -0.1134722302 -0.6335491966 0.1592664046 -0.0145079103 -0.7095064154 0.0445539309 0.7031394700
16.180000000 -0.1202014230 -0.6017820654 0.1298190227 -0.0073654253 -0.7012542540 0.0516626304 0.7109987302
16.200000000 -0.1281039331 -0.5693978574 0.0997238103 0.0002468867 -0.6925468213 0.0591013915 0.7189477484
16.220000000 -0.1373069799 -0.5364022094 0.0690301568 0.0081889016 -0.6830611864 0.0671854348 0.7272183131
16.240000000 -0.1477594318 -0.5029111140 0.0379430410 0.0159927563 -0.6729644796 0.0755111007 0.7356365371
16.260000000 -0.1593704029 -0.4690627335 0.0067048875 0.0231418888 -0.6625650906 0.0835249202 0.7439728096
16.280000000 -0.1721601782 -0.4348705800 -0.0244752755 0.0299533202 -0.6517889548 0.0910960694 0.7523134075
16.300000000 -0.1862602130 -0.4002235157 -0.0554218155 0.0375685626 -0.6401191337 0.0984975247 0.7610087617
16.320000000 -0.2017607761 -0.3650609235 -0.0859114036 0.0467692741 -0.6272085912 0.1060160769 0.7701834909
16.340000000 -0.2185680545 -0.3295459479 -0.1155241158 0.0568010890 -0.6136674871 0.1139428401 0.7792322380
16.360000000 -0.2365440277 -0.2938871846 -0.1437983256 0.0665865271 -0.6003814528 0.1225678788 0.7874550531
16.380000000 -0.2555923688 -0.2580519798 -0.1704436733 0.0760797929 -0.5876330805 0.1320370037 0.7946480085
16.400000000 -0.2756584442 -0.2217664306 -0.1953410653 0.0862749920 -0.5750378085 0.1423337519 0.8010176325
16.420000000 -0.2966995584 -0.1848326784 -0.2183721615 0.0979530091 -0.5622330164 0.1535133637 0.8066801661
16.440000000 -0.3187135181 -0.1473990002 -0.2393918478 0.1108267034 -0.5491861206 0.1659956925 0.8115155432
16.460000000 -0.3417049745 -0.1097013940 -0.2582456970 0.1243540683 -0.5359640255 0.1802462872 0.8153464938
16.480000000 -0.3656031146 -0.0720031720 -0.2747190230 0.1378593006 -0.5227754700 0.1960176088 0.8180939544
16.500000000 -0.3902616615 -0.0345949603 -0.2885368815 0.1505448587 -0.5100226889 0.2123805594 0.8198216881
16.520000000 -0.4155280394 0.0022697941 -0.2994474232 0.1619265535 -0.4981453086 0.2285495188 0.8206071900
16.540000000 -0.4412376011 0.0384911114 -0.3073016589 0.1726601857 -0.4874353802 0.2443689369 0.8202920414
16.560000000 -0.4672242321 0.0740050513 -0.3119796372 0.1836777234 -0.4781068112 0.2598222173 0.8186383734
16.580000000 -0.4933574741 0.1086941545 -0.3134378184 0.1954232610 -0.4700501532 0.2749672686 0.8156320272
16.600000000 -0.5195425255 0.1423874423 -0.3117090751 0.2078506594 -0.4628211568 0.2899283194 0.8115024644
16.620000000 -0.5456718063 0.1749240244 -0.3068437222 0.2208465882 -0.4561058742 0.3047587278 0.8064219329
16.640000000 -0.5715804221 0.2061926722 -0.2989485557 0.2340650025 -0.4502487030 0.3193057303 0.8003333872
16.660000000 -0.5970903715 0.2360955415 -0.2881448474 0.2471315286 -0.4457544204 0.3333627633 0.7931571549
16.680000000 -0.6220517459 0.2645570778 -0.2745620518 0.2598304969 -0.4427421010 0.3467887130 0.7849873460
16.700000000 -0.6463427290 0.2915240164 -0.2583378058 0.2721037759 -0.4409399579 0.3595007868 0.7760738837
16.720000000 -0.6698410858 0.3169485049 -0.2396152896 0.2839562032 -0.4401554944 0.3714018437 0.7666111700
16.740000000 -0.6924180194 0.3408004639 -0.2185584329 0.2955395204 -0.4405756887 0.3823822481 0.7565271117
16.760000000 -0.7139457784 0.3630540478 -0.1953380025 0.3070529318 -0.4424526477 0.3923151641 0.7456828841
16.780000000 -0.7343583938 0.3836785830 -0.1701627062 0.3186576944 -0.4456738415 0.4011625372 0.7340985762
16.800000000 -0.7536516785 0.4026385688 -0.1432791925 0.3304773902 -0.4497593853 0.4089866066 0.7219633962
16.820000000 -0.7717832190 0.4199117678 -0.1149442882 0.3424890421 -0.4543236802 0.4158132434 0.7095002440
16.840000000 -0.7885469506 0.4355298373 -0.0854489336 0.3540295461 -0.4594688513 0.4215509042 0.6970267501
16.860000000 -0.8037044551 0.4495368064 -0.0550905135 0.3643252636 -0.4654203598 0.4260934870 0.6849053448
16.880000000 -0.8172141761 0.4619513692 -0.0241184816 0.3731770071 -0.4721157929 0.4295766038 0.6732826605
16.900000000 -0.8292314191 0.4727668844 0.0072656391 0.3809400845 -0.4791962247 0.4323580432 0.6620590251
16.920000000 -0.8398729469 0.4819903898 0.0388727099 0.3879412949 -0.4863578045 0.4346996292 0.6511481169
16.940000000 -0.8490671162 0.4896880442 0.0705547947 0.3942742572 -0.4935977910 0.4365250073 0.6405895322
16.960000000 -0.8566989453 0.4959388900 0.1021761270 0.3999854708 -0.5009848082 0.4376686648 0.6304537929
16.980000000 -0.8627400089 0.5007783360 0.1336439351 0.4052806755 -0.5085244807 0.4379209550 0.6207863270
17.000000000 -0.8672484384 0.5041981578 0.1649084417 0.4105299957 -0.5161491680 0.4370321831 0.6116028368
17.020000000 -0.8702758761 0.5062097739 0.1959090669 0.4160194844 -0.5237920509 0.4348326608 0.6029015119
17.040000000 -0.8718329571 0.5069107634 0.2265345419 0.4216515544 -0.5314344611 0.4315059483 0.5946343388
17.060000000 -0.8719204344 0.5064161018 0.2566587784 0.4272396740 -0.5390696086 0.4273214918 0.5867423291
17.080000000 -0.8705475723 0.5047454643 0.2861062980 0.4325794725 -0.5467946348 0.4224475292 0.5791620778
17.100000000 -0.8677321468 0.5018232256 0.3146522318 0.4374410852 -0.5548130760 0.4169416600 0.5718281209
17.120000000 -0.8634831041 0.4976067437 0.3420619576 0.4415813687 -0.5632830578 0.4108106664 0.5647589645
17.140000000 -0.8577725906 0.4922018847 0.3680704273 0.4447020303 -0.5721848373 0.4038886388 0.5583176368
17.160000000 -0.8505666002 0.4857506841 0.3924076629 0.4465112018 -0.5814540211 0.3959733006 0.5529413289
17.180000000 -0.8419012133 0.4783731522 0.4148652390 0.4468723519 -0.5911252016 0.3872317458 0.5485687488
17.200000000 -0.8318825966 0.4701672742 0.4352962833 0.4457948686 -0.6013291755 0.3781972954 0.5446438869
17.220000000 -0.8206414920 0.4612361848 0.4535361836 0.4433483055 -0.6119763734 0.3694387947 0.5407792298
17.240000000 -0.8083947532 0.4517074467 0.4693386651 0.4397983791 -0.6221337258 0.3616585069 0.5373361494
17.260000000 -0.7953739486 0.4417104402 0.4824480236 0.4354790565 -0.6307345497 0.3555722390 0.5348834471
17.280000000 -0.7816539455 0.4312758959 0.4928612424 0.4306293697 -0.6377032381 0.3511597656 0.5334601625
17.300000000 -0.7671529097 0.4203358944 0.5008279926 0.4253644197 -0.6439116920 0.3476455023 0.5325274153
17.320000000 -0.7518164856 0.4088286058 0.5065667583 0.4198218891 -0.6500175541 0.3443046337 0.5316776090
17.340000000 -0.7357274834 0.3967337144 0.5101273297 0.4143188339 -0.6557658801 0.3408301285 0.5311740185
17.360000000 -0.7190009600 0.3840422217 0.5115197364 0.4092124336 -0.6607045474 0.3370266901 0.5314392678
17.380000000 -0.7017049464 0.3707667163 0.5108094983 0.4045088277 -0.6648070025 0.3327905520 0.5325924392
17.400000000 -0.6838604476 0.3569413742 0.5081176257 0.3998575616 -0.6684606103 0.3281018033 0.5344376012
17.420000000 -0.6654933989 0.3425986361 0.5035149269 0.3948925631 -0.6719288824 0.3230239691 0.5368677267
17.440000000 -0.6466576352 0.3277602483 0.4968617525 0.3892539413 -0.6749311748 0.3179682518 0.5402272386
17.460000000 -0.6274153840 0.3124460029 0.4879729031 0.3826034429 -0.6770565462 0.3134169867 0.5449576416
17.480000000 -0.6078614833 0.2966922400 0.4768256720 0.3749300800 -0.6781617404 0.3096435235 0.5510399054
17.500000000 -0.5881233817 0.2805518482 0.4635598448 0.3665580051 -0.6783743291 0.3067135939 0.5580056182
17.520000000 -0.5683180884 0.2640465578 0.4482818429 0.3577998225 -0.6777562155 0.3046616166 0.5655148970
17.540000000 -0.5485151856 0.2470705890 0.4309363715 0.3488138337 -0.6760483408 0.3034404402 0.5737695091
17.560000000 -0.5287717773 0.2294888264 0.4114352508 0.3397076113 -0.6729324376 0.3029601006 0.5830744813
17.580000000 -0.5091306829 0.2112246236 0.3898638196 0.3302866177 -0.6688579642 0.3029770584 0.5930806657
17.600000000 -0.4896204378 0.1922598027 0.3664809357 0.3200575929 -0.6650666767 0.3031291033 0.6027953214
17.620000000 -0.4702694331 0.1725846063 0.3415289818 0.3087588163 -0.6624293282 0.3031447884 0.6115215579
17.640000000 -0.4511079686 0.1522127892 0.3151542658 0.2970493031 -0.6601252605 0.3030977740 0.6197806800
17.660000000 -0.4321648005 0.1311610218 0.2874804697 0.2858016958 -0.6569442828 0.3031250021 0.6283763467
17.680000000 -0.4134222065 0.1093778370 0.2586633266 0.2755257893 -0.6524901627 0.3029590103 0.6376189811
17.700000000 -0.3948159854 0.0867436305 0.2288906204 0.2663644071 -0.6472002978 0.3018987434 0.6473321604
17.720000000 -0.3763136503 0.0631827520 0.1983191824 0.2582959864 -0.6414559638 0.2994563082 0.6573761095
17.740000000 -0.3580176529 0.0388072184 0.1669764604 0.2507008426 -0.6352126077 0.2961329146 0.6678018624
17.760000000 -0.3400626549 0.0137720967 0.1348630060 0.2428358741 -0.6283046133 0.2926539307 0.6786882407
17.780000000 -0.3225482430 -0.0118564782 0.1021047149 0.2346989538 -0.6205242398 0.2893704936 0.6900223086
17.800000000 -0.3055389291 -0.0381013035 0.0689528269 0.2270504376 -0.6116295515 0.2862594037 0.7017214150
17.820000000 -0.2890935854 -0.0650000683 0.0356583726 0.2204468518 -0.6014995727 0.2832925110 0.7136853668
17.840000000 -0.2732546246 -0.0926345621 0.0024497450 0.2144625482 -0.5904745038 0.2805006657 0.7257169230
17.860000000 -0.2580571534 -0.1211014415 -0.0304506696 0.2084308866 -0.5790082284 0.2779103072 0.7376122952
17.880000000 -0.2434628822 -0.1505857355 -0.0628284794 0.2016536790 -0.5674077658 0.2751665489 0.7494448555
17.900000000 -0.2293601247 -0.1813608444 -0.0944772873 0.1933718858 -0.5558112113 0.2715636832 0.7615342258
17.920000000 -0.2156647232 -0.2136512019 -0.1251760808 0.1829944831 -0.5443905782 0.2664814728 0.7740410468
17.940000000 -0.2024154006 -0.2474700046 -0.1546439952 0.1706415285 -0.5335874652 0.2597226664 0.7865812243
17.960000000 -0.1896852026 -0.2827731724 -0.1825894772 0.1566104295 -0.5238892155 0.2512474550 0.7986788964
17.980000000 -0.1776300550 -0.3194138794 -0.2088192774 0.1416659337 -0.5147247070 0.2412081110 0.8104368492
18.000000000 -0.1664887632 -0.3571425542 -0.2332384505 0.1270658028 -0.5044661859 0.2298772445 0.8225111558
18.020000000 -0.1564521570 -0.3957302529 -0.2556599890 0.1138189571 -0.4920991403 0.2174793414 0.8352163894
18.040000000 -0.1475047508 -0.4350484138 -0.2755115400 0.1018947422 -0.4792601404 0.2040263701 0.8475260584
18.060000000 -0.1395798753 -0.4749895739 -0.2921377905 0.0909877831 -0.4682703138 0.1894922001 0.8582172468
18.080000000 -0.1326199572 -0.5153543581 -0.3051910883 0.0808251480 -0.4600724677 0.1737188392 0.8669615821
18.100000000 -0.1265765188 -0.5558514792 -0.3146314419 0.0711048976 -0.4541501198 0.1564386267 0.8741960411
18.120000000 -0.1214103440 -0.5962115482 -0.3204557625 0.0613131314 -0.4501023881 0.1376991376 0.8801633301
18.140000000 -0.1171176800 -0.6362687548 -0.3227550645 0.0502962849 -0.4482991817 0.1188293651 0.8845211752
18.160000000 -0.1137024586 -0.6758820765 -0.3216506440 0.0367481147 -0.4492380098 0.1014531018 0.8868720622
18.180000000 -0.1111414385 -0.7148850349 -0.3174191761 0.0203928977 -0.4524098644 0.0857649243 0.8874422922
18.200000000 -0.1093842056 -0.7530856957 -0.3104927150 0.0020238530 -0.4562634971 0.0705011430 0.8870451590
18.220000000 -0.1083756042 -0.7902711835 -0.3012622193 -0.0173772882 -0.4594588720 0.0546881388 0.8863434900
18.240000000 -0.1080462387 -0.8261492864 -0.2899272433 -0.0361417900 -0.4619403346 0.0386833311 0.8853295986
18.260000000 -0.1083221791 -0.8604148972 -0.2766354515 -0.0524752962 -0.4640707299 0.0231542995 0.8839392396
18.280000000 -0.1091070900 -0.8929224975 -0.2614416210 -0.0657755509 -0.4663452199 0.0082559489 0.8821153848
18.300000000 -0.1102822301 -0.9236861582 -0.2443076414 -0.0766495606 -0.4693371045 -0.0063486227 0.8796631299
18.320000000 -0.1117272429 -0.9527558442 -0.2251932327 -0.0858631735 -0.4735891722 -0.0209353412 0.8763004752
18.340000000 -0.1133192086 -0.9802973420 -0.2040655899 -0.0946063624 -0.4795184736 -0.0354722153 0.8716956990
18.360000000 -0.1149375958 -1.0064984074 -0.1809034417 -0.1041520283 -0.4874466122 -0.0498409960 0.8654848528
18.380000000 -0.1165315608 -1.0313861071 -0.1559078037 -0.1146970166 -0.4970221449 -0.0639952408 0.8577401652
18.400000000 -0.1181199467 -1.0548268194 -0.1295019788 -0.1253568030 -0.5072558845 -0.0779743284 0.8490566198
18.420000000 -0.1197113330 -1.0766788143 -0.1020616789 -0.1353517628 -0.5173579722 -0.0917116885 0.8400057113
18.440000000 -0.1212611245 -1.0967958759 -0.0737335934 -0.1444003827 -0.5273527915 -0.1047135300 0.8307121279
18.460000000 -0.1227124066 -1.1150367337 -0.0446065896 -0.1523808605 -0.5374717465 -0.1163828541 0.8211937812
18.480000000 -0.1240306616 -1.1313996616 -0.0147565042 -0.1597151746 -0.5477741168 -0.1263961478 0.8114546160
18.500000000 -0.1252037693 -1.1460224786 0.0157538567 -0.1673800100 -0.5581098944 -0.1347159947 0.8014667047
18.520000000 -0.1262387320 -1.1590129942 0.0468609886 -0.1761448392 -0.5683785762 -0.1414278934 0.7911491267
18.540000000 -0.1272151488 -1.1703347139 0.0784963279 -0.1857914108 -0.5787867453 -0.1470872825 0.7802901938
18.560000000 -0.1282283794 -1.1799138008 0.1105836756 -0.1958533391 -0.5895893369 -0.1523464165 0.7686458565
18.580000000 -0.1293188583 -1.1876473039 0.1429003150 -0.2058080405 -0.6007897938 -0.1573681062 0.7562605063
18.600000000 -0.1304720943 -1.1934031575 0.1750770122 -0.2150804334 -0.6121822093 -0.1618087093 0.7434993554
18.620000000 -0.1316321648 -1.1970553262 0.2067529645 -0.2231386482 -0.6235660540 -0.1652910145 0.7307895734
18.640000000 -0.1325869739 -1.1985069579 0.2376265786 -0.2295882373 -0.6347029852 -0.1673872113 0.7186256907
18.660000000 -0.1330933526 -1.1976749549 0.2674145790 -0.2341136473 -0.6453688949 -0.1676621494 0.7075162141
18.680000000 -0.1330914543 -1.1946247692 0.2959145654 -0.2368129459 -0.6556253499 -0.1661354321 0.6974769154
18.700000000 -0.1327047549 -1.1895704020 0.3230050117 -0.2381832039 -0.6657863018 -0.1632782381 0.6879953333
18.720000000 -0.1320273567 -1.1827239128 0.3485591315 -0.2387340086 -0.6759835846 -0.1595217004 0.6786789326
18.740000000 -0.1310039864 -1.1742637590 0.3724150300 -0.2389213539 -0.6857057350 -0.1551563639 0.6698139550
18.760000000 -0.1295442557 -1.1643578213 0.3944042022 -0.2391857842 -0.6943249273 -0.1504421517 0.6618687294
18.780000000 -0.1276090354 -1.1531239160 0.4144079648 -0.2395931640 -0.7016484620 -0.1455435068 0.6550585006
18.800000000 -0.1252104558 -1.1406297959 0.4323574572 -0.2398240028 -0.7078959042 -0.1405284931 0.6493224001
18.820000000 -0.1223540640 -1.1269091742 0.4481917759 -0.2395286472 -0.7133045746 -0.1354396110 0.6445763902
18.840000000 -0.1190101586 -1.1118683141 0.4618731817 -0.2382862076 -0.7181402737 -0.1302295568 0.6407296568
18.860000000 -0.1151430379 -1.0953849976 0.4733715447 -0.2356697443 -0.7226653283 -0.1248171831 0.6376795949
18.880000000 -0.1107816633 -1.0774147719 0.4826985473 -0.2315142200 -0.7271705411 -0.1190567697 0.6351768696
18.900000000 -0.1060196599 -1.0579909497 0.4899076843 -0.2259119587 -0.7319736544 -0.1127386617 0.6328256872
18.920000000 -0.1009642203 -1.0371924158 0.4950384545 -0.2190217324 -0.7372790951 -0.1058134346 0.6302797265
18.940000000 -0.0957655604 -1.0152668193 0.4980671023 -0.2112258726 -0.7429014476 -0.0989169770 0.6274523899
18.960000000 -0.0905788004 -0.9924953475 0.4989530290 -0.2029494323 -0.7485763726 -0.0928331295 0.6243612354
18.980000000 -0.0854244668 -0.9689601785 0.4976319730 -0.1942685117 -0.7540044756 -0.0877067960 0.6213248056
19.000000000 -0.0801884924 -0.9445444812 0.4940160091 -0.1849088118 -0.7588298168 -0.0830303319 0.6189442660
19.020000000 -0.0747868586 -0.9191450536 0.4880258984 -0.1746820497 -0.7627232904 -0.0783168618 0.6177425296
19.040000000 -0.0692791478 -0.8927478209 0.4796212611 -0.1638285020 -0.7655178937 -0.0732885006 0.6178765022
19.060000000 -0.0637595436 -0.8653605553 0.4687748175 -0.1526918493 -0.7670921966 -0.0677077985 0.6194113456
19.080000000 -0.0582923454 -0.8369810235 0.4555371411 -0.1413220097 -0.7673364527 -0.0614396252 0.6224532355
19.100000000 -0.0529119689 -0.8075969870 0.4400366591 -0.1294761389 -0.7661421580 -0.0544470116 0.6271344721
19.120000000 -0.0477007468 -0.7771943163 0.4224008505 -0.1170130271 -0.7634366958 -0.0467240244 0.6334739368
19.140000000 -0.0429378788 -0.7457530584 0.4027398643 -0.1042288945 -0.7593625605 -0.0384385254 0.6411141233
19.160000000 -0.0389472236 -0.7132540319 0.3811650916 -0.0915278043 -0.7541462306 -0.0297844064 0.6496145111
19.180000000 -0.0359478207 -0.6797292951 0.3579161496 -0.0790377764 -0.7481580456 -0.0208228600 0.6584671421
19.200000000 -0.0340538899 -0.6452621465 0.3333608812 -0.0665931567 -0.7419050313 -0.0115036016 0.6670906558
19.220000000 -0.0333652061 -0.6099569273 0.3078380004 -0.0541253812 -0.7358196029 -0.0018360844 0.6750085806
19.240000000 -0.0339419927 -0.5739932401 0.2815474035 -0.0419942284 -0.7299602363 0.0078862261 0.6821527290
19.260000000 -0.0358338975 -0.5375708089 0.2546503469 -0.0306576858 -0.7242988715 0.0173029359 0.6885868569
19.280000000 -0.0390747422 -0.5009194071 0.2272175675 -0.0204684000 -0.7185195987 0.0262294184 0.6947104782
19.300000000 -0.0436825227 -0.4642988571 0.1992292823 -0.0116918417 -0.7119940696 0.0346822176 0.7012309816
19.320000000 -0.0496564680 -0.4278745027 0.1707070989 -0.0043373452 -0.7043066857 0.0427535733 0.7085939683
19.340000000 -0.0569234920 -0.3914285468 0.1418539299 0.0026107034 -0.6960081510 0.0507622835 0.7162325241
19.360000000 -0.0653947945 -0.3546601095 0.1129085856 0.0103934537 -0.6878480210 0.0590626821 0.7233731234
19.380000000 -0.0750359684 -0.3175604696 0.0838930235 0.0194596041 -0.6795731907 0.0676749633 0.7302203104
19.400000000 -0.0858669987 -0.2804130643 0.0546123483 0.0294553467 -0.6698955474 0.0762803133 0.7379387860
19.420000000 -0.0979020644 -0.2434565384 0.0249622784 0.0399484325 -0.6578519866 0.0846574614 0.7473071662
19.440000000 -0.1111226595 -0.2066995577 -0.0047613006 0.0503488750 -0.6441426606 0.0930860167 0.7575488215
19.460000000 -0.1255080257 -0.1700870709 -0.0341656403 0.0600749770 -0.6299197828 0.1020041505 0.7675853162
19.480000000 -0.1411735466 -0.1334209186 -0.0629311108 0.0695778722 -0.6156218948 0.1120656736 0.7769233470
19.500000000 -0.1583707472 -0.0963598334 -0.0908112007 0.0803842207 -0.6008855447 0.1240796576 0.7855438739
19.520000000 -0.1772924411 -0.0587231295 -0.1175236572 0.0933961843 -0.5855181911 0.1386858145 0.7932287473
19.540000000 -0.1978729198 -0.0209973355 -0.1426305476 0.1068324444 -0.5704666062 0.1559055827 0.7992797566
19.560000000 -0.2199787859 0.0161819833 -0.1656632648 0.1184125515 -0.5570570659 0.1755693612 0.8030201071
19.580000000 -0.2434063095 0.0525879039 -0.1863428588 0.1279697276 -0.5455642609 0.1964825837 0.8045980241
19.600000000 -0.2678814277 0.0884021455 -0.2045800372 0.1374023605 -0.5351206686 0.2164318144 0.8049370976
19.620000000 -0.2931893996 0.1237723945 -0.2203317457 0.1482933126 -0.5248654968 0.2339143596 0.8048660610
19.640000000 -0.3193650017 0.1586391374 -0.2337068997 0.1603662141 -0.5139687408 0.2504164440 0.8046181799
19.660000000 -0.3464951912 0.1928858119 -0.2448428826 0.1728576210 -0.5015735637 0.2680477806 0.8041732341
19.680000000 -0.3744323407 0.2262751296 -0.2536580117 0.1853630170 -0.4877954398 0.2866577677 0.8034447617
19.700000000 -0.4027942387 0.2584490763 -0.2598515388 0.1978767930 -0.4738531915 0.3039029224 0.8024655391
19.720000000 -0.4312536337 0.2891184314 -0.2631335825 0.2104654948 -0.4609188668 0.3181549113 0.8012711939
19.740000000 -0.4597439123 0.3182901434 -0.2632958278 0.2233164602 -0.4493803810 0.3307441110 0.7992467484
19.760000000 -0.4882562140 0.3460411128 -0.2601570709 0.2366304980 -0.4393727099 0.3436186209 0.7955399880
19.780000000 -0.5166113331 0.3723541590 -0.2536906607 0.2503615513 -0.4312055779 0.3573861314 0.7897189350
19.800000000 -0.5444597183 0.3971180206 -0.2440244993 0.2642884238 -0.4254339288 0.3713243298 0.7818413160
19.820000000 -0.5714779405 0.4202360751 -0.2313565328 0.2782064025 -0.4223523649 0.3847620594 0.7721255307
19.840000000 -0.5974766839 0.4416866174 -0.2161380055 0.2918197630 -0.4210896962 0.3975498244 0.7612350694
19.860000000 -0.6222995598 0.4614671975 -0.1988730631 0.3048401819 -0.4205226160 0.4096548033 0.7499440880
19.880000000 -0.6457763423 0.4795874613 -0.1798261235 0.3172925332 -0.4203217605 0.4207979684 0.7386366738
19.900000000 -0.6677229690 0.4960691508 -0.1590218763 0.3294895428 -0.4209285352 0.4304683154 0.7272914401
19.920000000 -0.6879838043 0.5109352731 -0.1365176225 0.3416914582 -0.4226777389 0.4382404232 0.7159160620
19.940000000 -0.7065193270 0.5242117930 -0.1125428016 0.3538759124 -0.4253632772 0.4440942963 0.7047114140
19.960000000 -0.7233202126 0.5359267961 -0.0873673040 0.3659600890 -0.4286365408 0.4481139253 0.6939292753
19.980000000 -0.7384039924 0.5461401411 -0.0612015972 0.3777311457 -0.4323849254 0.4505154614 0.6836653251
20.000000000 -0.7518150538 0.5549434600 -0.0341967265 0.3888355656 -0.4367420063 0.4516466879 0.6738535391
20.020000000 -0.7635923270 0.5624264540 -0.0065075992 0.3989500681 -0.4418492711 0.4518376796 0.6644176217
20.040000000 -0.7737482429 0.5686655757 0.0216850947 0.4078532427 -0.4478929948 0.4513324670 0.6552454516
20.060000000 -0.7822905325 0.5737341825 0.0501955326 0.4153549227 -0.4550583140 0.4503311319 0.6462229420
20.080000000 -0.7892712023 0.5777106229 0.0788681009 0.4213506576 -0.4632939321 0.4489624848 0.6373813953
20.100000000 -0.7947865349 0.5806782368 0.1075773941 0.4258233413 -0.4723219679 0.4472861921 0.6289050032
20.120000000 -0.7989298161 0.5827178446 0.1362141333 0.4288821265 -0.4819060784 0.4453071732 0.6209091517
20.140000000 -0.8017746459 0.5838993202 0.1647282908 0.4310914094 -0.4919943035 0.4428782824 0.6131562844
20.160000000 -0.8033871416 0.5842895777 0.1930796083 0.4330977967 -0.5025700399 0.4398100994 0.6053236572
20.180000000 -0.8037745116 0.5839504049 0.2211118243 0.4349001034 -0.5136142267 0.4360381519 0.5974387469
20.200000000 -0.8028850557 0.5829384621 0.2485526746 0.4358619375 -0.5251137992 0.4316313730 0.5898934032
20.220000000 -0.8006817750 0.5813046999 0.2751413288 0.4354898151 -0.5369208457 0.4266801402 0.5831026362
20.240000000 -0.7971967208 0.5790781200 0.3006828669 0.4339399710 -0.5483414964 0.4213357498 0.5774892993
20.260000000 -0.7924806183 0.5762826775 0.3250030764 0.4315651805 -0.5585786680 0.4157615166 0.5734838515
20.280000000 -0.7866166473 0.5729524703 0.3480250377 0.4288972305 -0.5672228909 0.4100375395 0.5711169530
20.300000000 -0.7797204423 0.5691317384 0.3697691237 0.4266330998 -0.5742386942 0.4041609651 0.5699895039
20.320000000 -0.7719157605 0.5648402337 0.3902389316 0.4253514248 -0.5796565667 0.3981225590 0.5697129612
20.340000000 -0.7633532056 0.5599979913 0.4093540355 0.4250947889 -0.5837236996 0.3919482522 0.5700330083
20.360000000 -0.7541870920 0.5545010325 0.4270181933 0.4257712023 -0.5867512978 0.3856717766 0.5707005157
20.380000000 -0.7445027150 0.5482664291 0.4432545308 0.4273010452 -0.5893615395 0.3793559639 0.5711005561
20.400000000 -0.7343163504 0.5412323038 0.4582055418 0.4296006987 -0.5924932455 0.3730926183 0.5702603720
20.420000000 -0.7236207550 0.5333543941 0.4719560835 0.4324556094 -0.5969037789 0.3669265864 0.5674970527
20.440000000 -0.7123266120 0.5246552361 0.4843397078 0.4351544269 -0.6025815646 0.3607235234 0.5633956181
20.460000000 -0.7003249612 0.5151741573 0.4951279334 0.4368653525 -0.6093286609 0.3543161501 0.5588625167
20.480000000 -0.6875269719 0.5049525935 0.5041105224 0.4368265843 -0.6169275206 0.3478784758 0.5545841105
20.500000000 -0.6738639420 0.4940340893 0.5110954800 0.4343564083 -0.6251290230 0.3419088548 0.5510413326
20.520000000 -0.6592987532 0.4824511760 0.5159232265 0.4290595351 -0.6336379763 0.3367492571 0.5486444825
20.540000000 -0.6439171214 0.4701919659 0.5185606700 0.4216681182 -0.6419892886 0.3321003561 0.5474989543
20.560000000 -0.6278339993 0.4572350163 0.5190083140 0.4131910279 -0.6496986164 0.3274992979 0.5476395641
20.580000000 -0.6111304953 0.4435945403 0.5173120543 0.4042431094 -0.6566383230 0.3226572022 0.5489134278
20.600000000 -0.5938538739 0.4293204062 0.5135631789 0.3950393381 -0.6630325245 0.3174662846 0.5509509516
20.620000000 -0.5760431123 0.4144523247 0.5078224135 0.3857770134 -0.6689340233 0.3118562590 0.5535783975
20.640000000 -0.5577099255 0.3989831759 0.5000203394 0.3766419877 -0.6736553416 0.3059073492 0.5574495382
20.660000000 -0.5388637110 0.3828950312 0.4900599913 0.3678260846 -0.6763601564 0.2997241366 0.5633882784
20.680000000 -0.5196173158 0.3661906500 0.4779591619 0.3593770472 -0.6769179394 0.2935155668 0.5713832805
20.700000000 -0.5001870370 0.3488934792 0.4638504016 0.3512066066 -0.6759068745 0.2875945659 0.5805972633
20.720000000 -0.4807893892 0.3310260554 0.4478818150 0.3433064210 -0.6738778638 0.2822462889 0.5902256842
20.740000000 -0.4616237654 0.3126036768 0.4302437649 0.3359286476 -0.6711044087 0.2776963470 0.5997128941
20.760000000 -0.4428792299 0.2936366941 0.4111361758 0.3293827580 -0.6678088257 0.2741386213 0.6085937786
20.780000000 -0.4246057270 0.2740632878 0.3907359030 0.3235161583 -0.6643755031 0.2713236288 0.6167057440
20.800000000 -0.4067140816 0.2537494689 0.3691967333 0.3176915139 -0.6613329465 0.2685635882 0.6241669929
20.820000000 -0.3891384098 0.2325728476 0.3466315993 0.3112904464 -0.6590601180 0.2653570093 0.6311288905
20.840000000 -0.3719301896 0.2104699841 0.3229940295 0.3038657689 -0.6573592790 0.2620533239 0.6378655251
20.860000000 -0.3551689515 0.1873962634 0.2982039416 0.2950338017 -0.6558727982 0.2591991080 0.6446718164
20.880000000 -0.3389046011 0.1634010830 0.2723247894 0.2849974631 -0.6542194840 0.2568845077 0.6517542961
20.900000000 -0.3231574197 0.1386278529 0.2455635617 0.2745602068 -0.6520121816 0.2547332876 0.6592478745
20.920000000 -0.3079329099 0.1131745762 0.2181058321 0.2643131506 -0.6489992232 0.2524173458 0.6672511149
20.940000000 -0.2931826125 0.0869412804 0.1900265497 0.2538590233 -0.6454428823 0.2498640458 0.6756678479
20.960000000 -0.2788482986 0.0597854045 0.1613720090 0.2425837987 -0.6416992215 0.2470583631 0.6843517918
20.980000000 -0.2649573135 0.0317232289 0.1321655429 0.2306941036 -0.6375454325 0.2439175054 0.6934120727
21.000000000 -0.2516225772 0.0029298746 0.1024075226 0.2192244298 -0.6322010723 0.2402791744 0.7032271126
21.020000000 -0.2389422076 -0.0264237685 0.0721618133 0.2090145629 -0.6250914107 0.2361724961 0.7140001350
21.040000000 -0.2269402315 -0.0562113594 0.0417502496 0.1999855031 -0.6165262778 0.2324151283 0.7251788438
21.060000000 -0.2156212010 -0.0863235378 0.0115533635 0.1918497320 -0.6070436182 0.2299789310 0.7360716115
21.080000000 -0.2049677768 -0.1167853386 -0.0181816022 0.1842626318 -0.5969141634 0.2290853602 0.7464989362
21.100000000 -0.1949407287 -0.1477561917 -0.0473406937 0.1768145703 -0.5860983671 0.2292190198 0.7567588471
21.120000000 -0.1854821038 -0.1794372826 -0.0757958753 0.1690431966 -0.5746003718 0.2296978219 0.7671360512
21.140000000 -0.1764628681 -0.2121734447 -0.1033396023 0.1602188176 -0.5627553537 0.2293690845 0.7778342789
21.160000000 -0.1677444397 -0.2463291728 -0.1297387080 0.1495778280 -0.5509747681 0.2270114446 0.7889987847
21.180000000 -0.1593773662 -0.2818951925 -0.1546278924 0.1377347967 -0.5394745799 0.2221467616 0.8004043477
21.200000000 -0.1516013240 -0.3184884604 -0.1775097224 0.1266696840 -0.5283511295 0.2150405405 0.8115155211
21.220000000 -0.1445835603 -0.3558033282 -0.1979695305 0.1177107053 -0.5178398553 0.2059532386 0.8219302511
21.240000000 -0.1381687131 -0.3939087305 -0.2159466913 0.1093955048 -0.5084588254 0.1948845231 0.8315781798
21.260000000 -0.1321317957 -0.4329544396 -0.2314714470 0.0995952700 -0.5007244938 0.1818006010 0.8404191246
21.280000000 -0.1265014566 -0.4727956336 -0.2446282550 0.0878347066 -0.4943303246 0.1673649876 0.8484760194
21.300000000 -0.1215599795 -0.5129928966 -0.2555557885 0.0753378157 -0.4881642540 0.1529703072 0.8559322168
21.320000000 -0.1175366676 -0.5531372692 -0.2643434519 0.0632304330 -0.4814007614 0.1397022996 0.8629823212
21.340000000 -0.1144047914 -0.5929928510 -0.2708741469 0.0520033467 -0.4743863630 0.1271354208 0.8695342519
21.360000000 -0.1120745980 -0.6323673790 -0.2749805195 0.0419753030 -0.4677578505 0.1144724873 0.8754066009
21.380000000 -0.1104789781 -0.6710771589 -0.2765267143 0.0331556274 -0.4620564593 0.1013743063 0.8804134158
21.400000000 -0.1095734665 -0.7089470650 -0.2754083748 0.0252111462 -0.4577418494 0.0879772700 0.8843623677
21.420000000 -0.1093079698 -0.7458529530 -0.2715584344 0.0176414958 -0.4552091970 0.0744343282 0.8870923826
21.440000000 -0.1096059448 -0.7818731119 -0.2650535065 0.0093924798 -0.4545429833 0.0608856296 0.8885918060
21.460000000 -0.1103851919 -0.8171276861 -0.2560090309 -0.0007084266 -0.4556966302 0.0474792333 0.8888677077
21.480000000 -0.1115854984 -0.8515354910 -0.2446072867 -0.0128580578 -0.4582179810 0.0343569777 0.8880825132
21.500000000 -0.1131686383 -0.8848140132 -0.2310973925 -0.0262576096 -0.4612628706 0.0216460737 0.8866107092
21.520000000 -0.1150897096 -0.9167162741 -0.2156991115 -0.0402098109 -0.4642203892 0.0094896640 0.8847556429
21.540000000 -0.1172732828 -0.9471724485 -0.1985031617 -0.0545441188 -0.4674814706 -0.0019401394 0.8823164113
21.560000000 -0.1196373705 -0.9761540222 -0.1795693302 -0.0692185010 -0.4716566145 -0.0124658453 0.8789729460
21.580000000 -0.1221246937 -1.0035639943 -0.1589880032 -0.0839275710 -0.4769304891 -0.0221427572 0.8746445962
21.600000000 -0.1247026813 -1.0292368778 -0.1368801654 -0.0981103116 -0.4830809353 -0.0312440736 0.8695004224
21.620000000 -0.1273301418 -1.0530507145 -0.1133724473 -0.1113547604 -0.4899267422 -0.0399697515 0.8636980512
21.640000000 -0.1299271032 -1.0750695712 -0.0886087392 -0.1238305300 -0.4975100456 -0.0482466895 0.8572175986
21.660000000 -0.1324060680 -1.0954024997 -0.0627370705 -0.1358535959 -0.5059148167 -0.0559324450 0.8499797411
21.680000000 -0.1347294353 -1.1141235549 -0.0359014261 -0.1476028583 -0.5151271508 -0.0631369661 0.8419448546
21.700000000 -0.1369095003 -1.1312717943 -0.0082417466 -0.1591158439 -0.5250370295 -0.0702277570 0.8331184357
21.720000000 -0.1389621515 -1.1468543487 0.0200806581 -0.1703619934 -0.5354855131 -0.0774129197 0.8235528498
21.740000000 -0.1409089734 -1.1607567255 0.0488182964 -0.1810426466 -0.5461722763 -0.0842648481 0.8135224890
21.760000000 -0.1427716984 -1.1728353413 0.0777045661 -0.1908132426 -0.5567975642 -0.0902063204 0.8033863322
21.780000000 -0.1445427156 -1.1829768470 0.1065288665 -0.1994550151 -0.5673480581 -0.0949725607 0.7932931934
21.800000000 -0.1461850705 -1.1910981285 0.1351365981 -0.2068759298 -0.5780675940 -0.0986011001 0.7831462376
21.820000000 -0.1476646096 -1.1971491361 0.1633712782 -0.2130712496 -0.5890808099 -0.1010913081 0.7728939057
21.840000000 -0.1489634873 -1.2012068205 0.1910591510 -0.2183351863 -0.6000441649 -0.1022913158 0.7627668276
21.860000000 -0.1500652983 -1.2033776603 0.2180259392 -0.2230315510 -0.6105140129 -0.1020292660 0.7530734334
21.880000000 -0.1508929940 -1.2037170217 0.2441846893 -0.2269860608 -0.6203310940 -0.1005903539 0.7440082276
21.900000000 -0.1513088827 -1.2022291592 0.2695357722 -0.2294727947 -0.6296183430 -0.0987138933 0.7356483847
21.920000000 -0.1512211780 -1.1989527245 0.2940849255 -0.2300953780 -0.6385245557 -0.0970205009 0.7279625892
21.940000000 -0.1507322615 -1.1940728489 0.3178441667 -0.2298175461 -0.6472593373 -0.0956045341 0.7204852662
21.960000000 -0.1499898227 -1.1878052809 0.3408209275 -0.2298963735 -0.6560181279 -0.0944277581 0.7126508766
21.980000000 -0.1490671661 -1.1802277069 0.3628810514 -0.2307426392 -0.6646367245 -0.0934534411 0.7044730749
22.000000000 -0.1479632106 -1.1712797511 0.3837487935 -0.2319302813 -0.6726166769 -0.0926663502 0.6965688036
22.020000000 -0.1466734540 -1.1608818962 0.4031996971 -0.2329782736 -0.6797381051 -0.0919786378 0.6893599660
22.040000000 -0.1451926451 -1.1489020689 0.4212390821 -0.2333115480 -0.6868574959 -0.0909574122 0.6822897119
22.060000000 -0.1435159229 -1.1352017023 0.4379215177 -0.2323374091 -0.6950241395 -0.0890834082 0.6745553501
22.080000000 -0.1416517169 -1.1197950637 0.4531130913 -0.2297557969 -0.7043383819 -0.0861661912 0.6661044251
22.100000000 -0.1396217468 -1.1028492550 0.4664914089 -0.2255837347 -0.7139951514 -0.0823347833 0.6576806868
22.120000000 -0.1374405991 -1.0845192334 0.4777694016 -0.2199091238 -0.7233191828 -0.0776918777 0.6499333113
22.140000000 -0.1350920160 -1.0648847965 0.4868340793 -0.2129821781 -0.7322071499 -0.0722191477 0.6428807635
22.160000000 -0.1325531518 -1.0440100257 0.4936158197 -0.2050929494 -0.7406774853 -0.0658675873 0.6363923364
22.180000000 -0.1298269860 -1.0220297002 0.4980414981 -0.1963480925 -0.7484412577 -0.0588460725 0.6307299343
22.200000000 -0.1269423236 -0.9991492969 0.5000344872 -0.1866790733 -0.7549176049 -0.0516156123 0.6265669653
22.220000000 -0.1239385210 -0.9755518600 0.4995635228 -0.1760444320 -0.7596804469 -0.0446286112 0.6244215432
22.240000000 -0.1208926496 -0.9513184084 0.4967794015 -0.1644778291 -0.7629023942 -0.0383073101 0.6240669281
22.260000000 -0.1178901829 -0.9265025910 0.4918772808 -0.1520453742 -0.7648879124 -0.0330293243 0.6250901930
22.280000000 -0.1149929854 -0.9011151952 0.4850257782 -0.1390033322 -0.7659547040 -0.0287508142 0.6270285925
22.300000000 -0.1122393126 -0.8751241472 0.4763669705 -0.1257883618 -0.7664471548 -0.0250283204 0.6293724097
22.320000000 -0.1096726507 -0.8484724182 0.4660173576 -0.1127953746 -0.7665828644 -0.0213495479 0.6318006903
22.340000000 -0.1073615164 -0.8210106143 0.4539957463 -0.1001980745 -0.7660618460 -0.0170289888 0.6346807130
22.360000000 -0.1053808452 -0.7925755374 0.4403018860 -0.0881130409 -0.7644713893 -0.0113591122 0.6385065055
22.380000000 -0.1038092857 -0.7632175843 0.4250589341 -0.0766306082 -0.7618213137 -0.0043865667 0.6432237511
22.400000000 -0.1027291996 -0.7332007469 0.4085134558 -0.0658180345 -0.7585709477 0.0030881488 0.6482503891
22.420000000 -0.1022200506 -0.7027639047 0.3908612599 -0.0556581200 -0.7551506977 0.0103224990 0.6531026286
22.440000000 -0.1023490656 -0.6720083410 0.3720736652 -0.0457849091 -0.7516577913 0.0168810041 0.6577456489
22.460000000 -0.1031784546 -0.6409989175 0.3520675780 -0.0357641589 -0.7480821114 0.0224254669 0.6622621671
22.480000000 -0.1047253981 -0.6097539820 0.3307992261 -0.0255427300 -0.7442350003 0.0271651014 0.6668762183
22.500000000 -0.1069620469 -0.5782453684 0.3082641587 -0.0154490999 -0.7397510056 0.0318647861 0.6719482201
22.520000000 -0.1098809215 -0.5464518256 0.2844770755 -0.0057337456 -0.7343216670 0.0371367285 0.6777607815
22.540000000 -0.1135638511 -0.5143878505 0.2595224393 0.0037432038 -0.7279488690 0.0428807666 0.6842789435
22.560000000 -0.1181116353 -0.4820787465 0.2335048960 0.0132145851 -0.7207145063 0.0488291805 0.6913838921
22.580000000 -0.1235478693 -0.4495928040 0.2065921587 0.0228621309 -0.7127067334 0.0547728230 0.6989466167
22.600000000 -0.1298189439 -0.4170413003 0.1790150075 0.0328129408 -0.7040158137 0.0605511717 0.7068370396
22.620000000 -0.1368908878 -0.3845367115 0.1509748244 0.0430650153 -0.6946984439 0.0660596172 0.7149654562
22.640000000 -0.1448217075 -0.3521888318 0.1225444294 0.0531262682 -0.6846753931 0.0714030306 0.7233939541
22.660000000 -0.1536906077 -0.3201023246 0.0937690620 0.0624060139 -0.6738517961 0.0767503170 0.7322148832
22.680000000 -0.1635354696 -0.2882792656 0.0647988415 0.0709336092 -0.6623796095 0.0822372451 0.7412548222
22.700000000 -0.1743528515 -0.2566191428 0.0358887668 0.0793684569 -0.6506588120 0.0879576654 0.7500714683
22.720000000 -0.1861528422 -0.2250363360 0.0072492623 0.0882329528 -0.6388912525 0.0940819842 0.7584072084
22.740000000 -0.1990068388 -0.1935226354 -0.0211057866 0.0973914404 -0.6264054101 0.1010602502 0.7667581074
22.760000000 -0.2129995060 -0.1620901943 -0.0492009500 0.1065511020 -0.6123096077 0.1093925154 0.7757300333
22.780000000 -0.2281681336 -0.1307744136 -0.0768151832 0.1155735503 -0.5964073603 0.1191214901 0.7853350149
22.800000000 -0.2445026370 -0.0996339416 -0.1034818263 0.1244840832 -0.5792530764 0.1298508817 0.7950524102
22.820000000 -0.2619864048 -0.0687333068 -0.1287469950 0.1332480392 -0.5615253627 0.1413469990 0.8043352864
22.840000000 -0.2805849582 -0.0381565151 -0.1522506213 0.1415500757 -0.5441275649 0.1540344784 0.8125036299
22.860000000 -0.3002579474 -0.0079919079 -0.1736595291 0.1490675940 -0.5280209042 0.1684640379 0.8188972128
22.880000000 -0.3209327265 0.0216844469 -0.1927196036 0.1557773569 -0.5133937675 0.1842713052 0.8235316270
22.900000000 -0.3425043539 0.0508087555 -0.2092557914 0.1619401371 -0.4996415718 0.2001721723 0.8270820958
22.920000000 -0.3648648259 0.0793384263 -0.2230740713 0.1678344774 -0.4863977214 0.2152174858 0.8300182399
22.940000000 -0.3878995070 0.1073135416 -0.2338908007 0.1736174460 -0.4743190977 0.2299456923 0.8318673900
22.960000000 -0.4114934796 0.1347932799 -0.2414109230 0.1794473734 -0.4642685223 0.2452247083 0.8319364289
22.980000000 -0.4355634664 0.1618006524 -0.2455921812 0.1857283071 -0.4561899987 0.2612523659 0.8301463018
23.000000000 -0.4600578309 0.1883225033 -0.2466451177 0.1931175605 -0.4490915724 0.2775473983 0.8270367641
23.020000000 -0.4848650242 0.2143025727 -0.2447690318 0.2019853368 -0.4422261489 0.2936399890 0.8230513434
23.040000000 -0.5096283450 0.2395184748 -0.2400742855 0.2114058884 -0.4360665259 0.3093029019 0.8182207833
23.060000000 -0.5339401442 0.2637138637 -0.2326511326 0.2201994074 -0.4313876195 0.3243842850 0.8125218633
23.080000000 -0.5576306015 0.2868065310 -0.2226387288 0.2282451294 -0.4283308329 0.3389078001 0.8059642433
23.100000000 -0.5807677247 0.3088884052 -0.2102251314 0.2364704981 -0.4263778143 0.3530515068 0.7985225711
23.120000000 -0.6033748129 0.3300147519 -0.1955902749 0.2455818117 -0.4251127221 0.3669218449 0.7901500535
23.140000000 -0.6252549691 0.3500638980 -0.1788730971 0.2551887470 -0.4247170996 0.3804114606 0.7808848887
23.160000000 -0.6461592618 0.3688738723 -0.1602022772 0.2646646125 -0.4255229494 0.3933541382 0.7708147536
23.180000000 -0.6659081070 0.3863732401 -0.1397062716 0.2737807861 -0.4277264650 0.4054440799 0.7600718718
23.200000000 -0.6843912676 0.4025811031 -0.1175133143 0.2827164218 -0.4313839588 0.4162262568 0.7488224143
23.220000000 -0.7015107148 0.4175053227 -0.0937839507 0.2916183353 -0.4364537850 0.4253472466 0.7372561020
23.240000000 -0.7172051935 0.4310930540 -0.0688080124 0.3003430412 -0.4425287296 0.4329269592 0.7256284373
23.260000000 -0.7314224135 0.4432793379 -0.0429027630 0.3086984543 -0.4491189828 0.4391908660 0.7142190048
23.280000000 -0.7441048295 0.4540696594 -0.0162730180 0.3166702980 -0.4560206155 0.4440713328 0.7032537039
23.300000000 -0.7551896409 0.4635399473 0.0109888557 0.3244135693 -0.4633091256 0.4472100962 0.6928951003
23.320000000 -0.7646454732 0.4717611618 0.0387885242 0.3320675465 -0.4710461661 0.4483393799 0.6832557752
23.340000000 -0.7725675705 0.4787721380 0.0670042310 0.3396351949 -0.4792216175 0.4476218107 0.6742620338
23.360000000 -0.7790809385 0.4846034626 0.0955070306 0.3470932632 -0.4877915062 0.4453150271 0.6657929407
23.380000000 -0.7842670479 0.4892807342 0.1241603165 0.3543634364 -0.4967115615 0.4415430723 0.6578327256
23.400000000 -0.7881638335 0.4928245630 0.1528198210 0.3613106613 -0.5059439991 0.4362981354 0.6504761432
23.420000000 -0.7908124404 0.4952433180 0.1813354966 0.3677858656 -0.5154730335 0.4296297328 0.6437696805
23.440000000 -0.7922744243 0.4964972707 0.2095355079 0.3735408168 -0.5254085410 0.4218461272 0.6375413462
23.460000000 -0.7926167348 0.4965372272 0.2372423942 0.3783152057 -0.5358741737 0.4133111754 0.6315776654
23.480000000 -0.7919130166 0.4953728506 0.2642745813 0.3820222292 -0.5467300977 0.4043765155 0.6257993692
23.500000000 -0.7902436098 0.4930726606 0.2904463820 0.3847434260 -0.5575880006 0.3953864521 0.6202722557
23.520000000 -0.7876925456 0.4897204859 0.3156070972 0.3866768371 -0.5681028231 0.3866224402 0.6150311332
23.540000000 -0.7843574548 0.4854511537 0.3397466964 0.3884099552 -0.5781173797 0.3781240989 0.6098689760
23.560000000 -0.7803365865 0.4804104668 0.3628844135 0.3905937154 -0.5875231840 0.3698806759 0.6045174467
23.580000000 -0.7756642151 0.4747034105 0.3849037220 0.3932092601 -0.5963037395 0.3620788009 0.5989217561
23.600000000 -0.7703106402 0.4683941531 0.4055523355 0.3955677228 -0.6045473818 0.3551093050 0.5932503867
23.620000000 -0.7642301904 0.4615315725 0.4246193286 0.3970930308 -0.6123466126 0.3492317383 0.5876954517
23.640000000 -0.7573244377 0.4541104826 0.4420828328 0.3977693456 -0.6197429108 0.3441062296 0.5824853431
23.660000000 -0.7494865064 0.4461136116 0.4579657534 0.3977108226 -0.6267592893 0.3392485838 0.5778488498
23.680000000 -0.7407185762 0.4375565843 0.4722337265 0.3968822405 -0.6334494728 0.3345260093 0.5738628771
23.700000000 -0.7311318827 0.4284879216 0.4847951181 0.3951054656 -0.6398976681 0.3301574064 0.5704548469
23.720000000 -0.7208189168 0.4189421193 0.4955718637 0.3922402148 -0.6461517809 0.3262864023 0.5676025666
23.740000000 -0.7097782231 0.4088918519 0.5045501342 0.3883209086 -0.6521227127 0.3227147376 0.5655068856
23.760000000 -0.6979859295 0.3982950450 0.5117348338 0.3834364150 -0.6576906567 0.3191446144 0.5644167174
23.780000000 -0.6854427561 0.3871258769 0.5171923642 0.3778840040 -0.6628665380 0.3151384314 0.5643575120
23.800000000 -0.6721740157 0.3753747780 0.5210506258 0.3721736081 -0.6677963738 0.3101216457 0.5651189020
23.820000000 -0.6582424573 0.3630575655 0.5234140882 0.3667679106 -0.6725259761 0.3037146661 0.5665222969
23.840000000 -0.6438562986 0.3502887772 0.5242828046 0.3618998804 -0.6766930394 0.2963735816 0.5685751552
23.860000000 -0.6292550879 0.3372035517 0.5236332447 0.3577476488 -0.6798694523 0.2887590156 0.5713251076
23.880000000 -0.6145625432 0.3238432119 0.5214998491 0.3542211995 -0.6820753572 0.2813695606 0.5745709002
23.900000000 -0.5997865516 0.3101552647 0.5179750297 0.3509527159 -0.6837643193 0.2745402573 0.5778634735
23.920000000 -0.5849233410 0.2960973252 0.5131399583 0.3476704237 -0.6852931588 0.2684882602 0.5808722898
23.940000000 -0.5699426460 0.2816837569 0.5070207648 0.3445086350 -0.6865427268 0.2629970115 0.5837854543
23.960000000 -0.5548088254 0.2669401918 0.4996278447 0.3416817931 -0.6872779874 0.2577503557 0.5869133449
23.980000000 -0.5395149310 0.2518251237 0.4909262016 0.3389504921 -0.6874474958 0.2526981813 0.5904846600
24.000000000 -0.5240827074 0.2362299092 0.4808354465 0.3356254551 -0.6871805296 0.2480567531 0.5946480648
24.020000000 -0.5085384297 0.2200548400 0.4692944359 0.3311403755 -0.6866375719 0.2439834226 0.5994555747
24.040000000 -0.4929215047 0.2032476252 0.4563269024 0.3254944625 -0.6860956653 0.2403696100 0.6046061060
24.060000000 -0.4772747528 0.1857698719 0.4419793552 0.3188308473 -0.6858448042 0.2370528493 0.6097292367
24.080000000 -0.4616439960 0.1676301960 0.4263341266 0.3113136771 -0.6858361086 0.2340272680 0.6147713920
24.100000000 -0.4460780580 0.1488842221 0.4095093718 0.3031264448 -0.6856810338 0.2314390829 0.6199934107
24.120000000 -0.4306097056 0.1295688077 0.3916268648 0.2944734645 -0.6850929350 0.2292735451 0.6255930711
24.140000000 -0.4152069568 0.1096375664 0.3728166239 0.2856348396 -0.6842734510 0.2268357329 0.6314492323
24.160000000 -0.3998260135 0.0890277273 0.3532067025 0.2769024032 -0.6835397293 0.2233031002 0.6373650626
24.180000000 -0.3845236199 0.0677783254 0.3328325507 0.2684404464 -0.6828319120 0.2188302004 0.6432679458
24.200000000 -0.3694570626 0.0460302012 0.3116370152 0.2602910551 -0.6817161581 0.2145480766 0.6492155029
24.220000000 -0.3547554098 0.0239274985 0.2896088986 0.2525638727 -0.6798142907 0.2113322159 0.6552882686
24.240000000 -0.3404173715 0.0016098679 0.2669369314 0.2456539235 -0.6769799180 0.2088515134 0.6616142274
24.260000000 -0.3264081146 -0.0207931361 0.2438534303 0.2399926465 -0.6731297894 0.2064831287 0.6683296595
24.280000000 -0.3126708723 -0.0433583377 0.2204436070 0.2351443063 -0.6683738016 0.2041307761 0.6755103573
24.300000000 -0.2991269445 -0.0663689402 0.1966455683 0.2298030116 -0.6630079104 0.2022362717 0.6831629213
24.320000000 -0.2857046839 -0.0900693594 0.1724314938 0.2228836123 -0.6572705604 0.2010596085 0.6912983000
24.340000000 -0.2723644676 -0.1145129698 0.1479354387 0.2143331942 -0.6511764564 0.2000803244 0.6999988345
24.360000000 -0.2590821813 -0.1396991755 0.1233296843 0.2043751522 -0.6446753873 0.1986263818 0.7093461796
24.380000000 -0.2460062571 -0.1654845498 0.0987349338 0.1937330595 -0.6375952700 0.1968517377 0.7191586520
24.400000000 -0.2334576739 -0.1915828352 0.0742203120 0.1836485538 -0.6296699967 0.1957180596 0.7290290427
24.420000000 -0.2216957044 -0.2177727726 0.0498702167 0.1750772815 -0.6207749858 0.1959987403 0.7386276845
24.440000000 -0.2107027878 -0.2441179378 0.0258391086 0.1677006159 -0.6112324139 0.1975487638 0.7478274705
24.460000000 -0.2003928535 -0.2707534670 0.0022976682 0.1608996297 -0.6014524931 0.1999648855 0.7565581619
24.480000000 -0.1906958966 -0.2978226000 -0.0206132233 0.1542506396 -0.5916229097 0.2024533538 0.7649847792
24.500000000 -0.1815579779 -0.3254766794 -0.0427824844 0.1474911064 -0.5817225378 0.2038490462 0.7734926172
24.520000000 -0.1729400317 -0.3538384507 -0.0640755054 0.1403746004 -0.5717683836 0.2032123259 0.7823558255
24.540000000 -0.1648596915 -0.3829148619 -0.0842583818 0.1326952943 -0.5619959710 0.2005874275 0.7914020290
24.560000000 -0.1573496775 -0.4126788844 -0.1030746391 0.1242512281 -0.5526996801 0.1962777622 0.8003497586
24.580000000 -0.1504636753 -0.4429878645 -0.1203196318 0.1151441026 -0.5440059228 0.1906262544 0.8089876530
24.600000000 -0.1442763361 -0.4735835232 -0.1358405436 0.1057918212 -0.5358708137 0.1840183273 0.8171828539
24.620000000 -0.1388512593 -0.5042242958 -0.1494985738 0.0965372549 -0.5282703171 0.1768451200 0.8248253354
24.640000000 -0.1342041904 -0.5347555830 -0.1612019699 0.0874169628 -0.5212298512 0.1694611246 0.8318417182
24.660000000 -0.1303369775 -0.5650445758 -0.1708708599 0.0783825235 -0.5147908642 0.1622094139 0.8381734022
24.680000000 -0.1272069944 -0.5949595883 -0.1784280987 0.0692388221 -0.5090439758 0.1552910269 0.8437801332
24.700000000 -0.1247271398 -0.6243700580 -0.1837992683 0.0596467663 -0.5041133817 0.1487705256 0.8486337799
24.720000000 -0.1228211964 -0.6531347068 -0.1869306296 0.0494893896 -0.5000943464 0.1426017709 0.8527140083
24.740000000 -0.1214642181 -0.6810691997 -0.1878506850 0.0395742565 -0.4970088810 0.1362977811 0.8560601412
24.760000000 -0.1206413202 -0.7079812983 -0.1866083962 0.0309006423 -0.4948818251 0.1292870962 0.8587327735
24.780000000 -0.1202742188 -0.7337445631 -0.1832503886 0.0236994028 -0.4938411192 0.1214097038 0.8607084124
24.800000000 -0.1202212316 -0.7582983530 -0.1778209517 0.0174255734 -0.4941156614 0.1129107726 0.8618568442
24.820000000 -0.1203576649 -0.7815810500 -0.1703854270 0.0115954846 -0.4958878071 0.1039927753 0.8620593542
24.840000000 -0.1206378073 -0.8035156837 -0.1610937691 0.0061417004 -0.4991202716 0.0946099566 0.8613304767
24.860000000 -0.1210361602 -0.8240221732 -0.1501183669 0.0010853382 -0.5037166572 0.0846727250 0.8597086023
24.880000000 -0.1215379801 -0.8430371678 -0.1376610732 -0.0036938982 -0.5095343701 0.0743513144 0.8572239864
24.900000000 -0.1221392786 -0.8605140478 -0.1239532042 -0.0084574699 -0.5163858893 0.0640722290 0.8539138329
24.920000000 -0.1228430350 -0.8764018920 -0.1092220873 -0.0133450320 -0.5240890260 0.0542689849 0.8498279121
24.940000000 -0.1236782312 -0.8906296651 -0.0936739689 -0.0179511650 -0.5324690097 0.0453363930 0.8450438574
24.960000000 -0.1246789300 -0.9031259390 -0.0775105054 -0.0217666467 -0.5413567619 0.0376565399 0.8396672284
24.980000000 -0.1258465546 -0.9139259084 -0.0609489918 -0.0247133358 -0.5504552394 0.0313559024 0.8339095202
25.000000000 -0.1271498878 -0.9231713910 -0.0442223621 -0.0271396795 -0.5593362065 0.0263025137 0.8280788753
25.020000000 -0.1285626144 -0.9309771985 -0.0275468715 -0.0292775090 -0.5676844152 0.0224265633 0.8224197721
25.040000000 -0.1300837030 -0.9373315766 -0.0110693405 -0.0307720143 -0.5756374720 0.0199282615 0.8168827629
25.060000000 -0.1317168187 -0.9421982963 0.0050798145 -0.0311546216 -0.5834246297 0.0190618810 0.8113456327
25.080000000 -0.1334282637 -0.9457059743 0.0207482172 -0.0305109554 -0.5909279760 0.0196522349 0.8059075620
25.100000000 -0.1351469776 -0.9481480728 0.0357615312 -0.0294785496 -0.5976948504 0.0210945844 0.8009038016
25.120000000 -0.1368104502 -0.9497931153 0.0499807518 -0.0285876210 -0.6034188383 0.0228009382 0.7965855702
25.140000000 -0.1383968705 -0.9507812029 0.0634120183 -0.0277971716 -0.6083946212 0.0242954148 0.7927755262
25.160000000 -0.1398956605 -0.9512178841 0.0760963304 -0.0269175718 -0.6130520981 0.0251415039 0.7891834224
25.180000000 -0.1413205847 -0.9511524271 0.0880418918 -0.0257123489 -0.6176581486 0.0251932676 0.7856224194
25.200000000 -0.1427097498 -0.9505778204 0.0992241101 -0.0238939709 -0.6223183846 0.0245989819 0.7820126575
25.220000000 -0.1441058864 -0.9494811428 0.1096178381 -0.0212561457 -0.6271065488 0.0235568270 0.7782869834
25.240000000 -0.1455659883 -0.9478356233 0.1192014122 -0.0179419502 -0.6320129520 0.0224075182 0.7744259926
25.260000000 -0.1471494473 -0.9456126976 0.1279550441 -0.0141818772 -0.6370108307 0.0215235838 0.7704237868
25.280000000 -0.1488888096 -0.9428222011 0.1358820484 -0.0101689279 -0.6420929915 0.0211437122 0.7662676599
25.300000000 -0.1507897753 -0.9395123681 0.1430088427 -0.0060632248 -0.6472721657 0.0213687789 0.7619352703
25.320000000 -0.1528533981 -0.9357398675 0.1493726257 -0.0019985023 -0.6525580804 0.0222457765 0.7574094554
25.340000000 -0.1550668159 -0.9315884274 0.1550497032 0.0020021641 -0.6579385531 0.0236278075 0.7526981988
25.360000000 -0.1574145695 -0.9271464403 0.1601246584 0.0059485936 -0.6633913619 0.0253209049 0.7478204109
25.380000000 -0.1599014885 -0.9224539910 0.1646475851 0.0100046417 -0.6687660038 0.0271903855 0.7429082193
25.400000000 -0.1625526912 -0.9175028559 0.1686340880 0.0144900649 -0.6737835291 0.0291672162 0.7382107202
25.420000000 -0.1653877974 -0.9122907477 0.1721092739 0.0196824770 -0.6782265433 0.0311854787 0.7339269868
25.440000000 -0.1684009040 -0.9068475232 0.1751422566 0.0256680624 -0.6821331274 0.0331770528 0.7300238560
25.460000000 -0.1715791458 -0.9012109837 0.1778115764 0.0324798784 -0.6855953165 0.0350843941 0.7264111816
25.480000000 -0.1748962798 -0.8954168158 0.1801595474 0.0400432982 -0.6885968335 0.0369709325 0.7230934140
25.500000000 -0.1783126855 -0.8894985924 0.1821922577 0.0481753697 -0.6910191491 0.0390211106 0.7201729113
25.520000000 -0.1817900821 -0.8835074390 0.1839237157 0.0566298002 -0.6927980172 0.0413808314 0.7177127558
25.540000000 -0.1852978742 -0.8775650614 0.1854059117 0.0649289272 -0.6941011879 0.0439963860 0.7155921278
25.560000000 -0.1888081969 -0.8718077463 0.1866998510 0.0725406169 -0.6951649264 0.0467658437 0.7136501523
25.580000000 -0.1923118076 -0.8663013110 0.1878554813 0.0790174606 -0.6962414455 0.0495931666 0.7117194731
25.600000000 -0.1958180850 -0.8610411034 0.1889116936 0.0839996912 -0.6975954470 0.0523779018 0.7096204617
25.620000000 -0.1993359295 -0.8560083463 0.1898891195 0.0873403078 -0.6993799735 0.0550457558 0.7072547547
25.640000000 -0.2028690886 -0.8511400175 0.1907372758 0.0897254207 -0.7012874123 0.0576374602 0.7048568914
25.660000000 -0.2064200406 -0.8463628565 0.1913887759 0.0920312672 -0.7028960350 0.0602198937 0.7027381975
25.680000000 -0.2099917070 -0.8416225230 0.1917963559 0.0947352583 -0.7038915878 0.0628155676 0.7011533840
25.700000000 -0.2135874525 -0.8368835971 0.1919328748 0.0979125468 -0.7040657142 0.0654104606 0.7003042731
25.720000000 -0.2172145779 -0.8321281343 0.1917993996 0.1015677657 -0.7033653221 0.0680007289 0.7002407540
25.740000000 -0.2208960523 -0.8274048000 0.1915063298 0.1055031879 -0.7023500692 0.0706179386 0.7004188493
25.760000000 -0.2246576040 -0.8227770355 0.1911878929 0.1094710759 -0.7017187642 0.0733026513 0.7001668235
25.780000000 -0.2284983389 -0.8182651121 0.1908976949 0.1132045033 -0.7017723552 0.0761268626 0.6992174216
25.800000000 -0.2323907406 -0.8138461316 0.1906087207 0.1164201984 -0.7024139579 0.0791887236 0.6977034580
25.820000000 -0.2363078962 -0.8094956198 0.1902942543 0.1189043304 -0.7035115443 0.0825650827 0.6957846466
25.840000000 -0.2402299379 -0.8051903060 0.1899427999 0.1207149958 -0.7048574570 0.0862555847 0.6936597359
25.860000000 -0.2441395774 -0.8009077558 0.1895472653 0.1219788145 -0.7062312401 0.0902389461 0.6915312986
25.880000000 -0.2480383472 -0.7966378450 0.1891143392 0.1228501487 -0.7075164297 0.0944775064 0.6894942664
25.900000000 -0.2519466011 -0.7923827598 0.1886644906 0.1235095653 -0.7086984627 0.0989192302 0.6875368079
25.920000000 -0.2558796828 -0.7881490344 0.1882125203 0.1241359636 -0.7097487020 0.1034622024 0.6856694650
25.940000000 -0.2598296231 -0.7839584566 0.1877481592 0.1249003271 -0.7105617932 0.1078104150 0.6840166378
25.960000000 -0.2637831842 -0.7798366859 0.1872546578 0.1259701321 -0.7110184076 0.1116308827 0.6827319356
25.980000000 -0.2677400002 -0.7758107376 0.1867103742 0.1274830833 -0.7110566154 0.1148263112 0.6818808338
26.000000000 -0.2717125773 -0.7719089821 0.1860887739 0.1295458901 -0.7106660985 0.1175351386 0.6814374879
26.020000000 -0.2757061478 -0.7681585443 0.1853725471 0.1322349564 -0.7098720623 0.1198691961 0.6813420193
26.040000000 -0.2796946105 -0.7645813304 0.1845821338 0.1355175531 -0.7088489572 0.1217907564 0.6814214263
26.060000000 -0.2836442080 -0.7611961448 0.1837458738 0.1393297953 -0.7077998712 0.1232333061 0.6814837509
26.080000000 -0.2875252528 -0.7579804540 0.1828567434 0.1435243591 -0.7067447158 0.1243359612 0.6815080585
26.100000000 -0.2913121279 -0.7548703861 0.1818723553 0.1478713583 -0.7055220170 0.1254439328 0.6816425491
26.120000000 -0.2949814174 -0.7518142211 0.1807616483 0.1521571659 -0.7040027646 0.1268455156 0.6820106447
26.140000000 -0.2985178038 -0.7488160343 0.1795450155 0.1562475457 -0.7022202052 0.1285659696 0.6826011128
26.160000000 -0.3019084173 -0.7458941498 0.1782559560 0.1600292478 -0.7002510675 0.1305633878 0.6833683371
26.180000000 -0.3051501279 -0.7430737819 0.1769335411 0.1634097007 -0.6981919166 0.1327270266 0.6842578854
26.200000000 -0.3082495453 -0.7403870353 0.1756224141 0.1663171049 -0.6961591758 0.1348767098 0.6852074837
26.220000000 -0.3112141995 -0.7378631249 0.1743693737 0.1687067877 -0.6942820847 0.1368620853 0.6861334974
26.240000000 -0.3140536092 -0.7355185078 0.1732288698 0.1706379202 -0.6927284920 0.1386583503 0.6868651968
26.260000000 -0.3167779540 -0.7333656822 0.1722559031 0.1721931942 -0.6916704486 0.1402752240 0.6872149270
26.280000000 -0.3194011832 -0.7313994540 0.1714741372 0.1733885583 -0.6911597756 0.1418045310 0.6871142899
26.300000000 -0.3219410156 -0.7295969365 0.1708758988 0.1741735901 -0.6911273296 0.1434191131 0.6866130881
26.320000000 -0.3244134641 -0.7279328850 0.1704477304 0.1745401131 -0.6914810996 0.1452593228 0.6857764701
26.340000000 -0.3268270624 -0.7263756997 0.1701584877 0.1746588901 -0.6920634614 0.1473252392 0.6847172492
26.360000000 -0.3291879841 -0.7248931253 0.1699734491 0.1747454447 -0.6927025270 0.1495756302 0.6835600702
26.380000000 -0.3314911243 -0.7234743674 0.1698773157 0.1750157574 -0.6932667373 0.1518242980 0.6824222287
26.400000000 -0.3337200995 -0.7221300925 0.1698742113 0.1756860120 -0.6936646307 0.1537412113 0.6814157653
26.420000000 -0.3358536542 -0.7208665509 0.1699451596 0.1768967453 -0.6937954362 0.1550911948 0.6806630264
26.440000000 -0.3378530054 -0.7196685942 0.1699754047 0.1784846619 -0.6935102303 0.1560418893 0.6803217730
